project_index,project_name,country,plant_year,project_type,project_function,pv_system,module_type,cell_type,transparency,extra_data,installed_power_kWp_,surface_area_m2,yield_kWh_per_A,specific_power_W_per_m2,color,texture,module_size,module_shape,cell_visibility,context,facade_ratio,orientation,inclination_degrees,type_of_integration,façade_composition_1,facade_composition_2,concept,module_orientation,ornamentation
1,Alan Gilbert Building,Australia,2001,New,Educational,Facade Glazing,-,-,Translucent,46 kWp,46,-,-,-,Black,Flat,Large,Rectangular,Yes,Urban,>0.5,N,80,Warm Facade,Homogeneous,Banner,Dominant,Vertical,No
2,K2 Apartments,Australia,2007,New,Residential,Facade Cladding,-,-,Opaque,22 kWp,22,-,-,-,Blue,Flat,Standard,Rectangular,Yes,Urban,<0.5,N,50,Rainscreen,Heterogeneous,Depth,Integration,Vertical,No
3,Active Energy Tower Fronius,Austria,2013,New,Office,Curtain wall,Monocrystalline,-,Translucent,"38.8 kWp, 630 m2, -",38.8,630,-,-,Black,Flat,Large,Rectangular,Yes,Urban,>0.5,All,90,Warm Facade,Homogeneous,Flat,Integration,Vertical,No
4,Genböch Bungalow Best Ager,Austria,2011,New,Residential,Unknown,Polycrystalline ,Poly,Opaque,2011;Swiss BIPV Competence Center;0,2.3,-,-,-,Blue,Flat,Large,Rectangular,Yes,Agglomeration,<0.5,SW,75,Rainscreen,Homogeneous,Flat,Dominant,Vertical,No
5,Dwelling Houses Spinnereistrasse,Austria,2003,-,Residential,Solar Control,-,-,Opaque,-,-,-,-,-,Blue,Flat,Large,Rectangular,No,Agglomeration,<0.5,E;S;W,90,Solar Control,Heterogeneous,Rhythmic,Integration,Vertical,No
6,EFH Lech am Arlberg,Austria,2013,New,Residential,Facade Security,Monocrystalline,Mono,Translucent,7.6 kWp,7.6,-,-,-,Grey,Flat,Standard,Rectangular,Yes,Rural,<0.5,S;W,90,Facade Security,Heterogeneous,Flat,Integration,Horizontal,No
7,Energiepark West,Austria,1996,-,-,Facade Cladding,Polycrystalline ,-,Opaque,150 m2,-,150,-,-,Blue,Flat,Large,Rectangular,-,Rural,1,S,90,-,Homogeneous,Rhythmic,Dominant,Vertical,No
8,ENERGYbase,Austria,2008,New,Office,Integrated,Monocrystalline,Mono,-,2008;IEA Case Studies;42416,46,400,37000,-,Blue,Flat,Standard,Rectangular,Yes,Industrial,>0.5,S,45,Warm Facade,Heterogeneous,ZigZag,Integration,Horizontal,No
9,Froniuswerk,Austria,2007,-,-,Facade Glazing,-,-,Translucent,608 kWp,608,-,-,-,Black,Flat,Standard,Rectangular,-,Rural,<0.5,S,90,-,Heterogeneous,Flat,Subordination,Horizontal,No
10,Haus Frick,Austria,1995,-,-,Facade Cladding,-,-,Opaque,0.4 kWp,0.4,-,-,-,-,-,-,-,-,-,-,-,-,-,-,-,-,-,-
11,Kriegerhornbahn,Austria,2004,New,Public,Unknown,Monocrystalline,Mono,-,2004;Swiss BIPV Competence Center;8550,-,-,-,-,Blue,Flat,Standard,Rectangular,Yes,Mountain,<0.5,SE;SW,90,Rainscreen,Heterogeneous,Flat,Subordination,Horizontal,No
12,Omicron Headquarter,Austria,2015,New,Office,Rainscreen,Monocrystalline,-,Opaque,"92 kWp,780 m2, 66000 kWh",92,780,66000,-,Blue,Flat,Standard,Rectangular,Yes,Rural,1,S,90,Rainscreen,Homogeneous,Rhythmic,Dominant,Vertical,Yes
13,Power Plant Dorferbach,Austria,2005,-,Industrial,Facade Cladding,-,-,Opaque,2.83 kWp,2.83,-,-,-,Green,Flat,Standard,Rectangular,Yes,Rural,<0.5,S,90,Rainscreen,Heterogeneous,Flat,Subordination,Vertical,No
14,Power Tower,Austria,2008,-,-,Facade Cladding,-,-,Opaque,66 kWp,66,700,42000,-,Blue,Flat,Large,Rectangular,Yes,Urban,>0.5,SW,90,Rainscreen,Heterogeneous,Rhythmic,Integration,Vertical,No
15,Schiestlhaus,Austria,2005,-,-,Rainscreen,-,-,Opaque,-,-,-,-,-,Black,Flat,Standard,Rectangular,Yes,Mountain,<0.5,S,70,Attached,Heterogeneous,HighTech,Subjugation,Horizontal,No
16,SG Ennstal,Austria,2011,Retrofit,Office,Cold Facade,Polycrystalline ,-,Opaque,Urban;1.9 kWp;48 m2,1.9,48,-,-,Red,Flat,Custom,Rectangular,Yes,Urban,<0.5,S,90,Rainscreen,Heterogeneous,Grid,Integration,Mixed,No
17,SOL4-Eichkogel,Austria,2004,-,-,Facade Cladding,-,-,Opaque,28 kWp,28,-,-,-,Black,Flat,Custom,Square,Yes,Rural,<0.5,SE;SW,90,Rainscreen,Homogeneous,Grid,Integration,Centric,No
18,Sport- und Wellnessbad Eggenberg,Austria,2011,-,Public,Facade Cladding,-,-,Opaque,-,-,-,-,-,-,-,-,-,-,-,-,-,-,-,-,-,-,-,-
19,TROP,Austria,2004,-,-,Facade Cladding,-,-,Opaque,-,-,-,-,-,Blue,Flat,Standard,Square,Yes,Rural,1,SE;SW,90,Rainscreen,Homogeneous,Grid,Dominant,Centric,No
20,AGC Glass Europe Technovation Centre,Belgium,2014,-,Industrial,Facade Glazing,-,-,Translucent,19.37 kWp,19.37,-,-,-,Black,Flat,Large,Rectangular,Yes,Rural,0.5,S,90,Solar Control,Heterogeneous,Rhythmic,Dominant,Vertical,No
21,Euro Space Center,Belgium,2009,Retrofit,Public,Louvres Balcony,Polycrystalline ,-,Translucent,Urban;16 kWp ;5060 m2,16,5060,-,-,Blue,Flat,Small,Square,Yes,Rural,1,SE;SW,45,Solar Control,Heterogeneous,ZigZag,Dominant,Centric,No
22,Swimming pool,Belgium,2016,-,Educational,Facade Glazing,Monocrystalline,-,Translucent,-,-,-,-,-,Black,Flat,Custom,Rectangular,Yes,Agglomeration,>0.5,S,90,Warm Facade,Homogeneous,Flat,Integration,Vertical,No
23,The Treurenberg building,Belgium,2015,-,-,Facade Cladding,-,-,Opaque,122 kWp,122,-,-,-,Black,Flat,Custom,Rectangular,Yes,Urban,>0.5,E;S;W,90,Rainscreen,Homogeneous,Grid,Integration,Mixed,No
24,Zonnegevel Soltech fabriek,Belgium,2023,Retrofit,Industrial,"Facade,Ventilated Facade",Monocrystalline,-,Opaque,42;-;83;10.5;Kameleon Solar | Soltech | Limeparts Drooghmans;https://kameleonsolar.com | https://soltech.be/ | https://limeparts-drooghmans.be/;Colored;Custom;No,10.5,83,-,-,Print,Flat,Standard,Rectangular,No,Agglomeration,<0.5,S,90,Rainscreen,Homogeneous,Flat,Subordination,Horizontal,Yes
25,Cathedral of the Holy Family,Canada,2005,-,Public,Facade Glazing,-,-,Translucent,-,-,-,-,-,Multi,Flat,Custom,Rhomboid,Yes,Agglomeration,<0.5,S,90,Warm Facade,Heterogeneous,Ornament,Dominant,Centric,Yes
26,J&P Lougheed Performing Arts Centre,Canada,2014,New,Public,Rainscreen,Monocrystalline,Mono,Opaque,"242 kWp, 882 m2, 75000 kWh",242,882,75000,-,Black,Flat,Standard,Rectangular,Yes,Agglomeration,>0.5,S;W,90,Rainscreen,Homogeneous,Grid,Integration,Vertical,No
27,North house,Canada,2009,-,-,Facade Cladding,-,-,Opaque,13.6 kWp,13.6,-,-,-,Black,Glossy,Standard,Rectangular,Yes,Agglomeration,<0.5,All,90,Rainscreen,Heterogeneous,Banner,Integration,Horizontal,No
28,True North/ Lux Nova,Canada,2007,-,-,Facade Glazing,-,-,Translucent,-,-,-,-,-,Blue,Flat,Custom,Rectangular,Yes,Agglomeration,>0.5,S,90,Warm Facade,Heterogeneous,Grid,Dominant,Horizontal,Yes
29,Expo 2010 German Pavillion,China,2010,New,Public,Facade Glazing,-,-,Translucent,16 kWp,16,-,-,-,Black,Flat,Custom,Rectangular,Yes,Urban,<0.5,-,90,Warm Facade,Heterogeneous,Sculptural,Integration,Horizontal,No
30,Green Pix Media Wall,China,2008,New,Public,Louvres Balcony,Polycrystalline ,-,Translucent,Urban;-;2200 m2,-,2200,-,-,Blue,Flat,Custom,Square,Yes,Urban,0.5,-,90,Rainscreen,Heterogeneous,Media,Dominant,Centric,Yes
31,Pearl River Tower,China,2008,-,Office,Solar Control,-,-,Opaque,-,-,-,-,-,-,-,Custom,-,-,Urban,<0.5,-,-,-,Homogeneous,-,-,-,No
32,Singyes Solar Office,China,2017,New,Office,Integrated,Monocrystalline,Mono,-,2017;IEA Case Studies;150311,-,-,-,-,Blue,Flat,Standard,Square,Yes,Industrial,0.5,S,45,Solar Control,Heterogeneous,ZigZag,Dominant,Centric,No
33,Aarhus Municipality Low-Energy Offices,Denmark,2010,-,Office,Solar Control,-,-,Opaque,170 m2,-,-,-,-,Black,Flat,Custom,Rectangular,Yes,Urban,<0.5,SW,45,Solar Control,Heterogeneous,Rhythmic,Integration,Horizontal,No
34,Copenhagen International,Denmark,2017,New,Office,Integrated,Monocrystalline,Mono,-,2017;IEA Case Studies;267500,700,6000,-,-,Blue,Satin,Custom,Square,No,Industrial,1,All,86,Rainscreen,Homogeneous,Rhythmic,Integration,Centric,No
35,Copenhagen towers hotel,Denmark,2009,-,Public,Facade Cladding,-,-,Opaque,-,-,1700,170000,-,Black,Flat,Standard,Rectangular,Yes,Agglomeration,>0.5,E;S;W,90,Rainscreen,Homogeneous,Flat,Integration,Horizontal,No
36,House of Music,Denmark,2014,-,Public,Solar Control,-,-,Translucent,-,-,-,-,-,Black,Flat,Custom,Triangular,Yes,Urban,<0.5,S,80,Solar Control,Heterogeneous,Sculptural,Integration,Centric,Yes
37,Slagelse Student Housing,Denmark,2017,Retrofit,Residential,Unknown,Monocrystalline,Mono,-,1970;IEA Case Studies;0,-,-,-,-,Black,Flat,Custom,Square,Yes,Agglomeration,<0.5,S,90,Facade Security,Heterogeneous,-,Subordination,Centric,No
38,Union National Bank,Egypt,2017,-,Office,Facade Glazing,Amorphous silicon,-,Transparent,20.6 kWp,20.6,439,-,28,Blue,Flat,Custom,Rectangular,No,Urban,1,S,90,Warm Facade,Heterogeneous,Grid,Subordination,Vertical,Yes
39,Bedzed,England,2002,New,Residential,Curtain wall,-,-,Translucent,-,-,-,-,-,Blue,Flat,Large,Square,Yes,Agglomeration,<0.5,SE,90,Warm Facade,Heterogeneous,Grid,Integration,Centric,No
40,Brunel University,England,2016,New,Educational,Facade Glazing,Amorphous silicon,-,Transparent,-,-,68,30000,-,-,Glossy,Custom,Rectangular,No,Urban,<0.5,S,90,Warm Facade,Heterogeneous,VertZigZag,Integration,Vertical,No
41,Cambridge Bidwell House,England,2018,New,Office,Facade Glazing,Amorphous silicon,-,Transparent,-,-,29,15500,-,-,Glossy,Large,Rectangular,No,Agglomeration,<0.5,S,90,Warm Facade,Heterogeneous,Rhythmic,Integration,Vertical,No
42,CIS Solar Tower,England,2006,Retrofit,Office,Facade Cladding,-,-,Opaque,391 kWp,575,-,180000,-,Blue,Flat,Large,Rectangular,Yes,Urban,>0.5,SE;SW;NW,90,Rainscreen,Homogeneous,Grid,Integration,Vertical,No
43,Leicester University Library,England,2007,-,Educational,Solar Control,-,-,Opaque,37 kWp,-,-,-,-,-,-,-,-,-,-,-,-,-,-,-,-,-,-,-
44,London Castle Lane,England,2017,New,Residential,Rainscreen,Monocrystalline,-,Opaque,-,-,-,-,130,Black,Glossy,Standard,Rectangular,Yes,Urban,<0.5,SE;SW,90,Rainscreen,Homogeneous,Flat,Subordination,Vertical,No
45,Optic Technium,Wales,2003,New,Office,Cold Facade,Thin Film,-,Opaque,84.0 kWp;1000 m2,84,1000,-,-,Black,Satin,Small,Rectangular,No,Rural,1,S,75,Rainscreen,Homogeneous,Sculptural,Dominant,Horizontal,No
46,Zicer Building,England,2003,New,Office,"Pitched Roof,Warm Facade",Monocrystalline,-,Translucent,"Urban;27.2 kWp (roof), 6.7 kWp (facade) ;265 m2 (roof), 85 m2 (facade)",6.7,85,-,-,Blue,Flat,Standard,Rectangular,Yes,Agglomeration,<0.5,S,90,Warm Facade,Heterogeneous,Flat,Integration,Horizontal,No
47,Ales Tourist Office,France,2004,Retrofit,Office,Integrated,Polycrystalline ,Poly,-,1750;Swiss BIPV Competence Center;6000,9.6,100,-,-,Black,Flat,Standard,Rectangular,Yes,Historic,0.5,S,90,Rainscreen,Heterogeneous,Depth,Dominant,Horizontal,No
48,Cité du Design,France,2009,New,Public,Facade Glazing,Monocrystalline,-,Translucent,-,-,-,-,-,Black,Flat,Custom,Triangular,Yes,Historic,<0.5,E;W,90,Warm Facade,Heterogeneous,Skin,Integration,Centric,No
49,GDF Suez,France,2013,Retrofit,Office,Unknown,Monocrystalline,Mono,-,1973;Swiss BIPV Competence Center;0,85,1020,-,-,Black,Flat,Custom,Rectangular,Yes,Urban,1,S,90,Solar Control,Heterogeneous,Grid,Dominant,Mixed,No
50,La Cub,France,2011,New,Office,Rainscreen,Polycrystalline ,Poly,-,2011;Swiss BIPV Competence Center;0,40,350,-,-,Multi,Flat,Standard,Rectangular,Yes,Urban,>0.5,S,90,Rainscreen,Homogeneous,Ornament,Dominant,Vertical,Yes
51,MIBI – Montpellier International Business Incubator,France,2011,New,Office,Solar Control,Polycrystalline ,-,Translucent,-,-,696,-,-,Blue,Flat,Custom,Rectangular,Yes,Agglomeration,>0.5,S,90,Solar Control,Heterogeneous,Rhythmic,Dominant,Mixed,No
52,SDED Office building,France,2005,-,-,Solar Control,-,-,Opaque,14.5 kWp,14.5,-,-,-,Black,Flat,Standard,Rectangular,Yes,Agglomeration,0.5,S,45,Solar Control,Heterogeneous,ZigZag,Dominant,Horizontal,No
53,+E Kita Marburg,Germany,2013,New,Educational,Warm Facade,Monocrystalline,-,Opaque,Urban;55 kWp ;365 m2,55,365,-,-,Black,Glossy,Custom,Rectangular;Triangular,Yes,Urban,>0.5,S,90,Warm Facade,Heterogeneous,VertZigZag,Integration,Horizontal,No
54,"Academy of Further Education ""Mont-Cenis""",Germany,1999,New,Educational,Facade Glazing,-,-,Translucent,1000 kWp (with Roof),-,-,-,-,Blue,Flat,Standard,Rectangular,Yes,Agglomeration,<0.5,SW,90,Rainscreen,Heterogeneous,Rhythmic,Integration,Vertical,No
55,Active townhouse,Germany,2015,New,Public,Facade Cladding,-,-,Opaque,118 kWp,118,-,-,-,Blue,Glossy,Standard,Rectangular,Yes,Urban,0.5,SE,90,Rainscreen,Heterogeneous,Banner,Integration,Vertical,No
56,Audi Brand Experience Center,Germany,2019,New,Commercial,Curtain wall,Monocrystalline,-,Translucent,-,41,450,-,-,Black,Flat,Standard,Rectangular,Yes,Industrial,<0.5,S,90,Warm Facade;Solar Control,Heterogeneous,Grid,Integration,Horizontal,No
57,B.O.C. Bonneshof Office Center,Germany,2014,New,Office,Facade Cladding,Monocrystalline,-,Opaque,63 kWp,63,-,-,-,Black,Glossy,Large,Rectangular,Yes,Urban,0.5,E;S,90,Warm Facade,Heterogeneous,Rhythmic,Integration,Vertical,No
58,Böwe Cardtec,Germany,2003,New,Industrial,Integrated,Monocrystalline,Mono,Opaque,2003;Swiss BIPV Competence Center;0,9.65,80,-,-,Black,Flat,Standard,Rectangular,Yes,Rural,1,S,90,Warm Facade,Homogeneous,Grid,Dominant,Vertical,No
59,Elobau Factory 2,Germany,2012,Retrofit,Industrial,Louvres Balcony,Monocrystalline,-,Var.,Industrial;190 kWp (Roof); 52 kWp (FaCade) ;-,52,-,-,-,Black,Flat,Standard,Rectangular,Yes,Industrial,>0.5,S,50,Solar Control,Homogeneous,ZigZag,Dominant,Horizontal,No
60,EWE Arena,Germany,2006,New,Public,Solar Control,-,-,Opaque,14 kWp,14,-,21800,-,Black,Flat,Standard,Rectangular,Yes,Urban,<0.5,Moving,90,Solar Control,Homogeneous,HighTech,Dominant,Vertical,No
61,Ferdinand Braun Institute,Germany,2007,New,Office,Rainscreen,Thin Film,CIS,Opaque,2007;Swiss BIPV Competence Center;0,39,640,-,-,Black,Flat,Small,Rectangular,No,Urban,>0.5,SW,80,Rainscreen,Homogeneous,HighTech,Dominant,Horizontal,No
62,Fraunhofer ISE,Germany,2004,-,Educational,Facade Cladding,-,-,Opaque,4 kWp,4,-,-,-,Blue,Flat,Custom,Rectangular,Yes,Urban,<0.5,SW,90,Rainscreen,Heterogeneous,Grid,Subordination,Centric,No
63,Freiburg City Hall,Germany,2017,New,Office,Solar Control,-,-,-,-;216;0;557400;0,216,-,557400,-,Black,Flat,Custom,Rectangular,Yes,Urban,0.5,S,90,Solar Control,Heterogeneous,VertZigZag,Integration,Vertical,No
64,Hauptbahnhof,Germany,2003,-,Public,Facade Cladding,-,-,Opaque,180 kWp,180,-,-,-,Black,Flat,Standard,Rectangular,Yes,-,0.5,-,90,Rainscreen,Heterogeneous,Flat,Subjugation,Horizontal,No
65,Haus der Zukunft,Germany,2009,-,Residential,Facade Cladding,-,-,Opaque,55 m2,-,55,-,-,Black,Flat,Large,Polygonal,Yes,Rural,0.5,-,80,Rainscreen,Heterogeneous,HighTech,Integration,Mixed,No
66,Haus F87,Germany,2011,-,Residential,Facade Cladding,-,-,Opaque,-,-,-,-,-,Black,Glossy,Standard,Rectangular,No,Urban,1,E;W,90,Rainscreen,Homogeneous,Skin,Integration,Horizontal,No
67,Hochregallager Ernsting's family,Germany,2014,-,Industrial,Solar Control,-,-,Translucent,-,-,-,-,-,Black,Flat,Standard,Rectangular,-,Industrial,>0.5,SE;SW,30,Solar Control,Homogeneous,ZigZag,Integration,Horizontal,No
68,Home +,Germany,2009,-,-,Facade Cladding,-,-,Opaque,-,-,-,-,-,-,-,-,-,-,-,-,-,-,-,-,-,-,-,-
69,Juwi Verwaltungsgebäude,Germany,2004,-,Office,Facade Cladding,-,-,Opaque,10 kWp,10,-,-,-,Black,Flat,Standard,Rectangular,-,Rural,<0.5,S,90,Attached,Heterogeneous,Banner,Subjugation,Vertical,No
70,Leitec Firmengebäude,Germany,2011,New,Office,Facade Cladding,-,-,Opaque,-,118,1200,100000,-,Black,Flat,Standard,Rectangular,-,Agglomeration,1,S,34,Rainscreen,Homogeneous,Flat,Dominant,Horizontal,No
71,MIP Bad Kreuznach,Germany,2015,New,Office,Warm Facade,Monocrystalline,Mono,Translucent,"25 kWp, 221 m2, 14000 kWh",25,221,14000,-,Black,Flat,Large,Rectangular,Yes,Urban,0.5,S,90,Rainscreen,Heterogeneous,Banner,Integration,Vertical,No
72,New Hall 3 RP Technik,Germany,2008,Retrofit,Industrial,Warm Facade,Thin Film,-,Transparent,Urban;8.4 kWp;120,8.4,120,3460,-,Black,Flat,Large,Rectangular,No,Industrial,>0.5,E,90,Warm Facade,Heterogeneous,Grid,Integration,Vertical,No
73,Office Building Bauerfeind AG,Germany,2004,-,Office,Solar Control,Polycrystalline ,-,Opaque,34 kWp,34,-,-,-,Blue,Flat,Large,Square,Yes,Industrial,>0.5,SW,90,Rainscreen,Homogeneous,Grid,Integration,Centric,No
74,Office building in Mannheim,Germany,2018,New,Office,"Warm Facade,Skylight",Monocrystalline,-,Translucent,"33 kWP, 320 m2, -",33,320,-,-,Black,Flat,Custom,Polygonal,Yes,-,<0.5,SW,90,Warm Facade,Heterogeneous,Depth,Integration,Mixed,No
75,Paul Horn Arena,Germany,2004,New,Public,Unknown,Polycrystalline ,Poly,Opaque,2004;Swiss BIPV Competence Center;30000,43,530,-,-,Green,Flat,Standard,Rectangular,Yes,Agglomeration,1,SW,90,Rainscreen,Heterogeneous,Grid,Dominant,Vertical,No
76,Photovoltaic pavillion,Germany,2011,-,Public,Facade Glazing,Thin Film,-,Transparent,7.8 kWp,7.8,-,-,-,Black,Flat,Large,Rectangular,No,Agglomeration,0.5,All,90,Rainscreen,Heterogeneous,Rhythmic,Integration,Vertical,No
77,School in Landshut,Germany,2009,Retrofit,Educational,Rainscreen,Polycrystalline ,Poly,Opaque,1960;Swiss BIPV Competence Center;0,8,78,-,-,Blue,Flat,Standard,Rectangular,Yes,Urban,>0.5,S,90,Rainscreen,Homogeneous,Grid,Dominant,Horizontal,No
78,Siloturm Schapfenmühle,Germany,2004,-,-,Solar Control,-,-,Translucent,97 kWp,97,-,-,-,Blue,Flat,Standard,Rectangular,Yes,Industrial,>0.5,S,90,Rainscreen,Heterogeneous,Flat,Subjugation,Vertical,No
79,Solar Tower Hauptbahnhof,Germany,1999,-,Public,Facade Cladding,Polycrystalline ,-,Opaque,34 kWp,34,-,24000,-,Blue,Flat,Standard,Rectangular,Yes,Urban,<0.5,S,90,Rainscreen,Heterogeneous,Grid,Integration,Horizontal,No
80,Stadtwerke Konstanz,Germany,2011,New,Office,"Warm Facade,Glass Roof",Monocrystalline,Mono,Opaque,2011;Swiss BIPV Competence Center;0,24.5,495,-,-,Blue,Flat,Custom,Rectangular,Yes,Urban,<0.5,S,90,Rainscreen,Heterogeneous,Grid,Subjugation,Mixed,No
81,Tobias Grau Lighting GmbH,Germany,2001,New,Industrial,Warm Facade,Monocrystalline,-,Translucent,-;10.05 kWp ;179 m2 ,10,179,-,-,Black,Flat,Large,Rectangular,Yes,Industrial,>0.5,S,90,Warm Facade,Heterogeneous,Grid,Dominant,Horizontal,No
82,Tourist Information Centre,Germany,2000,New,Office,Solar Control,Polycrystalline ,-,Translucent,9 kWp,9,-,-,-,Black,Flat,Small,Rectangular,Yes,Urban,<0.5,S,10,Solar Control,Heterogeneous,Banner,Integration,Horizontal,No
83,Turnhalle Burgweinting,Germany,2004,New,Public,Facade Glazing,-,-,Translucent,10 kWp,10,-,-,-,Black,Flat,Standard,Rectangular,Yes,Urban,>0.5,SE,90,Warm Facade;Solar Control,Heterogeneous,Banner,Integration,Horizontal,No
84,UBA building extension,Germany,2017,-,Office,Facade Cladding,-,-,Opaque,-,74.7,-,-,-,Black,Flat,Custom,Rectangular,No,Urban,0.5,All,75,Rainscreen,Heterogeneous,Rhythmic,Integration,Vertical,No
85,Weather House,Germany,2015,New,Office,Rainscreen,Monocrystalline,Mono,Opaque,"16 kWp, 210 m2, 8600 kWh",16,210,8600,-,Black,Glossy,Standard,Rectangular,Yes,Agglomeration,1,SW,90,Rainscreen,Homogeneous,Depth,Integration,Horizontal,No
86,Zara - Hohe Strasse 128-132,Germany,2003,-,Commercial,Facade Cladding,Polycrystalline ,-,Opaque,12 kWp,12,-,-,-,Blue,Flat,Custom,Rectangular,Yes,Urban,1,W,90,Rainscreen,Homogeneous,Grid,Dominant,Mixed,No
87,ZSW Stuttgart,Germany,2017,-,-,Rainscreen,Monocrystalline,-,Opaque,-,27,170,-,-,Black,Satin,Custom,Rectangular,No,Urban,0.5,SE;SW,90,Rainscreen,Heterogeneous,Rhythmic,Integration,Vertical,No
88,SIMS-Samundra Institute for Marine Studies,India,2007,-,-,Facade Glazing,Polycrystalline ,-,Translucent,-,-,-,-,-,Black,Flat,Standard,Rectangular,Yes,Rural,<0.5,S,90,Rainscreen,Heterogeneous,Rhythmic,Integration,Horizontal,No
89,A22 Autobrennero,Italy,2009,Retrofit,Office,Warm Facade,Thin Film,-,Opaque,Urban;7;97 m2,7,97,-,-,Black,Flat,Custom,Rectangular,No,Agglomeration,<0.5,E,90,Warm Facade,Heterogeneous,Grid,Integration,Mixed,No
90,Cable car station of Naturno,Italy,2013,New,Public,"Warm Facade,Skylight",Polycrystalline ,Poly,Translucent,"30.4 kWp (1) 19.3 kWp (2), 254 m2 (1) 90 m2 (2), 43500 kWh",30.3,254,24800,-,Blue,Flat,Large,Rectangular,Yes,Mountain,>0.5,E,90,Rainscreen,Heterogeneous,Grid,Subordination,Horizontal,No
91,Chamber of Commerce of Bolzano,Italy,2007,New,Office,Rainscreen,Monocrystalline,Mono,Opaque,"3.3 kWp, 30 m2, -",3.3,30,-,-,Black,Flat,Standard,Rectangular,Yes,Urban,<0.5,SW,90,Rainscreen,Heterogeneous,Banner,Integration,Vertical,No
92,CHP Plant Gelsia,Italy,2016,Retrofit,Industrial,Cold Facade,Polycrystalline ,-,Opaque,Suburban;5.5 kWp (facade) + 10.5 kWp (tower); 20.4 m2 (facade) + 57.6 m2 (tower),16,78,-,-,Black,Flat,Standard,Rectangular,Yes,Industrial,<0.5,SE;SW,30,Rainscreen,Heterogeneous,ZigZag,Dominant,Horizontal,No
93,District heating plant of Laces,Italy,2009,New,Industrial,"Rainscreen, Warm Facade",Monocrystalline,Mono,Translucent,"48.9 kWp, 446.7 m2, -",48.9,446.7,-,-,Black,Glossy,Custom,Rectangular;Triangular,Yes,Rural,1,S;W,90,Rainscreen,Homogeneous,Grid,Dominant,Vertical,No
94,Energy box,Italy,2013,-,-,Facade Cladding,-,-,Opaque,-,-,-,-,-,Black,Flat,Standard,Rectangular,No,Rural,<0.5,-,90,Rainscreen,Heterogeneous,Rhythmic,Integration,Horizontal,No
95,Enzian Office,Italy,2012,New,Office,Integrated,Thin Film,a-Si,Transparent,2012;IEA Case Studies;0,100,2340,-,-,Red,Flat,Standard,Rectangular,No,Urban,1,E;S;W,90,Rainscreen;Facade Security,Homogeneous,Grid,Integration,Vertical,No
96,Largo Europa,Italy,2010,Retrofit,Residential,Unknown,Thin Film,CIS,Opaque,1950;Swiss BIPV Competence Center;0,10,-,-,-,Black,Flat,Standard,Rectangular,No,Urban,<0.5,SW,90,Rainscreen,Heterogeneous,HighTech,Subjugation,Horizontal,No
97,Meyer Hospital,Italy,2007,Retrofit,Public,Unknown,Monocrystalline,Mono,-,1930;Swiss BIPV Competence Center;35000,33,350,35000,-,Black,Flat,Custom,Curved,Yes,Urban,>0.5,S,45,Warm Facade,Homogeneous,Grid,Integration,Horizontal,No
98,Oversea Building,Italy,2011,Retrofit,Residential,Louvres Balcony,Polycrystalline ,Poly,Translucent,Urban;20 kWp;-,20,-,15000,-,Blue,Flat,Custom,Rectangular;Rounded,Yes,Urban,>0.5,S,90,Rainscreen,Heterogeneous,Rhythmic,Dominant,Vertical,No
99,Porta Susa Railway station,Italy,2013,-,Public,Facade Glazing,-,-,Translucent,-,-,-,-,-,Black,Flat,Custom,Curved,Yes,Urban,>0.5,-,45,Rainscreen,Homogeneous,Skin,Integration,Vertical,No
100,Private house in Lasa,Italy,2012,New,Residential,Louvres Balcony,Monocrystalline,Mono,Translucent,Mountain;-;-,1.3,13,800,-,Black,Flat,Standard,Rectangular,Yes,Rural,<0.5,S,90,Facade Security,Heterogeneous,Depth,Integration,Horizontal,No
101,Smart Lab,Italy,2013,New,Public,Rainscreen,Amorphous silicon,-,Translucent,"10.8 kWp, 130 m2, 9072 kWh",10.8,130,9072,-,Red,Flat,Custom,Square,No,Agglomeration,>0.5,S,90,Warm Facade,Heterogeneous,Grid,Integration,Centric,No
102,UNIFIMM Tower,Italy,2011,New,Office,Cold Facade,Monocrystalline,-,Opaque,Urban;54 (FaCade); 40 (Roof);495 m2 (FaCade),54,495,-,-,Black,Glossy,Standard,Rectangular,Yes,Industrial,<0.5,SW,90,Rainscreen,Heterogeneous,Grid,Integration,Horizontal,No
103,Verona Forum,Italy,2010,New,Office,Warm Facade,Monocrystalline,Mono,-,2010;Swiss BIPV Competence Center;20000,20,200,-,-,Black,Flat,Custom,Rectangular,Yes,Urban,<0.5,W,90,Warm Facade,Heterogeneous,Ornament,Integration,Mixed,Yes
104,World Join Center,Italy,2010,New,Office,Cold Facade,Thin Film,-,Transparent,Urban;80 (FaCade); 40 (roof);1035 m2,80,1035,-,-,Black,Flat,Standard,Rectangular,No,Urban,>0.5,E;W,90,Rainscreen,Heterogeneous,Grid,Integration,Horizontal,No
105,BANDAI Hobby Center,Japan,2006,-,Public,Facade Cladding,-,-,Opaque,70 kWp,70,-,-,-,Black,Flat,Standard,Rectangular,-,Industrial,0.5,S,90,Rainscreen,Heterogeneous,Banner,Integration,Horizontal,No
106,Daito Bunka University - Itabashi Campus - building 3,Japan,2003,New,Educational,Facade Glazing,Monocrystalline,-,Translucent,-,-,-,-,-,Black,Flat,Standard,Rectangular,Yes,Urban,0.5,S,90,Warm Facade,Heterogeneous,Rhythmic,Integration,Vertical,No
107,Itoman city government building,Japan,2002,-,Office,Solar Control,Monocrystalline,-,Opaque,195.6 kWp,196,-,-,-,Blue,Flat,Small,Rectangular,Yes,Agglomeration,0.5,S,45,Solar Control,Heterogeneous,ZigZag,Dominant,Horizontal,No
108,Kobe City Hall,Japan,2004,New,Public,Unknown,Monocrystalline,Mono,-,2004;BIPV SG;0,-,-,-,-,Blue,Flat,Standard,Rectangular,-,Urban,<0.5,S,90,Warm Facade,Heterogeneous,Grid,Integration,Horizontal,No
109,NTT Aoba Dori,Japan,2013,New,Office,Integrated,Polycrystalline ,Poly,-,2013;IEA Case Studies;0,20,423,-,-,Black,Flat,Custom,Square,Yes,Urban,<0.5,S,90,Rainscreen,Heterogeneous,Rhythmic,Integration,Centric,No
110,Sanyo Solar Ark,Japan,2002,New,Office,Unknown,Monocrystalline,Mono,-,2002;BIPV SG;530000,630,3295,530000,-,Blue,Flat,Standard,Rectangular,Yes,Agglomeration,1,S,75,Rainscreen,Homogeneous,Grid,Dominant,Horizontal,No
111,Tokyo Inst. of Technology,Japan,2012,New,Educational,Unknown,Mixed,Mixed,-,2012;BIPV SG;0,-,-,-,-,Black,Flat,Standard,Rectangular,Yes,Urban,>0.5,S;W,Var.,Solar Control,Heterogeneous,HighTech,Dominant,Horizontal,No
112,Toshima Ecomusee Town,Japan,2015,New,Office,Integrated,Thin Film,a-Si,-,2015;IEA Case Studies;0,133,-,-,-,Black,Flat,Custom,Rectangular,No,Urban,<0.5,E;S;W,90,Rainscreen,Heterogeneous,Banner,Integration,Horizontal,No
113,Glassbel Office,Lithuania,2016,-,Office,Curtain wall,-,-,-,-,-,-,-,-,Multi,Flat,Large,Rectangular,Yes,Industrial,0.5,-,90,Rainscreen,Homogeneous,Rhythmic,Integration,Vertical,Yes
114,14 Housing development,Netherlands,2002,New,Residential,Warm Facade,Amorphous silicon,-,Var.,Urban;1.6 kWp (per housing unit);30 m2 (per housing unit),22.4,420,-,-,Black,Glossy,Standard,Rectangular,No,Agglomeration,0.5,S;W,90,Rainscreen,Heterogeneous,Depth,Integration,Horizontal,No
115,Apartments « Gele Lis »,Netherlands,2000,-,Residential,Solar Control,-,-,Translucent,32 kWp,32,-,-,-,Blue,Flat,Standard,Rectangular,Yes,Agglomeration,<0.5,S,90,Rainscreen,Heterogeneous,Flat,Dominant,Horizontal,No
116,Bedrijfsverzamelgebouw Pharos,Netherlands,2020,Retrofit,Office,"Facade,Ventilated Facade",Monocrystalline,-,Opaque,-;11795;340;-;Solarix | Coare | Alkondor | Sorba | Kameleon Solar | Kuijpers;https://solarix-solar.com/ | https://coare.nl/ | https://www.alkondor.nl/ | https://www.sorba.com/nl/ | https://kameleonsolar.com/nl/ | https://www.kuijpers.nl/;Colored;Custom;Yes,-,215,11800,-,Brown,Satin,Custom,Rectangular,No,Urban,<0.5,SE,90,Rainscreen,Heterogeneous,Banner,Integration,Horizontal,Yes
117,Buurtboost Optopper,Netherlands,2022,Retrofit,Office,"Facade,Ventilated Facade",Monocrystalline,-,Opaque,-;-;2950;-;Solarix | Vorm;https://solarix-solar.com/ | https://vorm.nl/;Colored;Standard;Yes,-,27,3000,-,Grey,Satin,Custom,Rectangular;Triangular,No,Agglomeration,<0.5,E;S;W,45,Solar Control,Heterogeneous,Depth,Integration,Horizontal,Yes
118,Centrumplan Berkel,Netherlands,2024,New,Residential,"Roof,Covered Roof,Facade,Ventilated Facade",-,-,Opaque,775;-;792;97.4;Saint-Gobain Solutions | rphs+ | Oranjedak | ABB Bouwgroep | Waaijer Projectrealisatie;https://www.saint-gobain-solutions.nl/energyfacade-cigs | https://www.rphs.nl/ | https://www.oranjedak.nl/ | https://www.abbbouwgroep.nl/referentieproject/centrumplan-berkel/ | https://www.wpr.nl/projecten/woningen#!/berkel-centrum-west-project;Colored;Standard;No,97,-,-,-,Gold,Satin,Standard,Rectangular,No,Agglomeration,>0.5,S,90,Rainscreen,Heterogeneous,Rhythmic,Integration,Vertical,No
119,Dempsey flat,Netherlands,2021,Retrofit,Residential,"Facade,Ventilated Facade",-,-,Opaque,200;16000;24;ZigZagSolar;https://www.zigzagsolar.nl/;Colored;Custom;No,24,-,16000,-,Black,Flat,Small,Rectangular,Yes,Agglomeration,>0.5,S,45,Rainscreen,Heterogeneous,ZigZag,Dominant,Horizontal,Yes
120,Eisenhower,Netherlands,2017,Retrofit,Residential,"Facade,Ventilated Facade",-,-,Opaque,308;30000;36.96;ZigZagSolar;https://www.zigzagsolar.nl/;Zwart/donkerblauw;Custom;No,-,-,30000,-,Black,Flat,Small,Rectangular,Yes,Agglomeration,>0.5,S,45,Rainscreen,Heterogeneous,ZigZag,Dominant,Horizontal,No
121,Fire Hall,Netherlands,2000,New,Public,Warm Facade,Polycrystalline ,-,Translucent,-;23.9 kWp ;N/A,23.9,-,-,-,Black,Flat,Standard,Rectangular,Yes,Industrial,>0.5,S,45,Rainscreen,Homogeneous,Skin,Integration,Horizontal,No
122,Hoofdkantoor Kuijpers,Netherlands,2018,Retrofit,Office,"Facade,Ventilated Facade",Monocrystalline,-,Opaque,-;5617;130;-;Solarix | Sorba | Kameleon Solar | Kuijpers;https://solarix-solar.com/ | https://www.sorba.com/ | https://kameleonsolar.com/nl/ | https://www.kuijpers.nl/;Colored;Custom;Yes,-,89,5600,-,Orange,Satin,Custom,Rectangular,No,Agglomeration,>0.5,S,85,Rainscreen,Heterogeneous,Rhythmic,Integration,Mixed,No
123,Multi-storey parking,Netherlands,2004,New,Public,Warm Facade,Amorphous silicon,-,Opaque,Urban;27 kWp ;650 m2 ,27,650,-,-,Red,Flat,Standard,Rectangular,No,Urban,1,S,90,Rainscreen,Homogeneous,Rhythmic,Dominant,Horizontal,No
124,Plus Ultra Amsterdam,Netherlands,2023,New,Office,"Facade,Ventilated Facade",Monocrystalline,-,Opaque,930;-;1020;199.7;Saint-Gobain Solutions | cepezed | De Groot & Visser | Kadans Science Partner;https://www.saint-gobain-solutions.nl/energyfacade-si-custom | https://www.cepezed.nl/ | https://degrootenvisser.nl/ | https://www.kadans.com/product/plus-ultra-amsterdam-on-medical-business-park-amsterdam/;Black/DarkBlue;Custom;No,200,1020,-,-,Black,Satin,Small,Rectangular,No,Urban,0.5,SE;SW,90,Rainscreen,Heterogeneous,VertZigZag,Integration,Vertical,No
125,Railway Technical Facility,Netherlands,2022,New,Industrial,-,-,-,-,-;5;-;-;-,5,-,-,-,Print,Satin,Standard,Rectangular,No,Industrial,1,SE;SW,90,Rainscreen,Homogeneous,Flat,Imitation,Vertical,Yes
126,Rembrandt College,Netherlands,1998,-,Educational,Solar Control,Polycrystalline ,-,Translucent,37 kWp,37,-,-,-,Blue,Glossy,Standard,Rectangular,Yes,Urban,1,SW,90,Warm Facade,Homogeneous,Grid,Dominant,Horizontal,No
127,ripple Demonstration Unit,Netherlands,2021,New,Residential,"Facade,Ventilated Facade",-,-,Opaque,12;-;10;1.18;Team VIRTUe | Kameleon Solar | AFS Solar;https://www.teamvirtue.nl | https://www.kameleonsolar.com | https://www.architectural-facade-solutions.com/solar/;Colored;Custom;Yes,1.2,10,-,-,Brown,Satin,Custom,Polygonal,No,Urban,0.5,E;S;W,90,Rainscreen,Heterogeneous,Banner,Integration,Mixed,Yes
128,De Willem en de Zwijger,Netherlands,2018,New,Residential,"Rainscreen,Balustrade,Parapet",CIGS,-,Opaque,"250 kWp, 750 m2 (1) 500 m2 (2), -",250,-,-,-,Black,Flat,Custom,Rectangular,No,Urban,>0.5,SW,90,Rainscreen,Heterogeneous,Dynamic,Integration,Mixed,No
129,Solar Power Die Delfgaauwse Weye,Netherlands,2002,-,-,Facade Cladding,-,-,Opaque,33 kWp,33,-,-,-,Black,Flat,Standard,Rectangular,Yes,Urban,<0.5,S,90,Attached,Heterogeneous,Rhythmic,Subjugation,Vertical,No
130,Stadsschouwburg Middelburg,Netherlands,2022,Retrofit,Public,"Facade,Ventilated Facade",-,-,Opaque,32;3460;40;4.48;Solarix | Gemeente Middelburg | Solar Engineers | Energie Anders;https://solarix-solar.com/ | https://www.middelburg.nl/ | https://solarengineers.nl/ | https://energieanders.nl/;Colored;Custom;Yes,-,40,3500,-,Brown,Satin,Standard,Rectangular,No,Urban,<0.5,S,90,Attached,Heterogeneous,Grid,Subjugation,Vertical,Yes
131,Titaan,Netherlands,2023,Retrofit,Office,"Facade,Ventilated Facade",-,-,Opaque,368;-;414;57.17;Kameleon Solar | Braaksma & Roos Architecten | Bijlbouw;https://kameleonsolar.com/nl/ | https://braaksma-roos.nl/ | https://www.bijlbouw.nl/;Colored;Custom;No,57,414,-,-,Print,Satin,Custom,Rectangular,No,Urban,<0.5,All,90,Rainscreen,Heterogeneous,Banner,Integration,Mixed,Yes
132,van Caem Transporten te Waalwijk,Netherlands,2021,Retrofit,Industrial,"Facade,Ventilated Facade",-,-,Opaque,240;61997;540;73;BIPV.world BV | BIPV Projects BV | TULiPPS BV;http://www.bipv.world/ | http://www.bipvprojects.nl/ | http://www.tulipps.com/;Black/DarkBlue;Custom;No,73,540,62000,-,Black,Glossy,Standard,Rectangular,Yes,Industrial,>0.5,S,80,Attached,Heterogeneous,ZigZag,Dominant,Vertical,No
133,Van Happen,Netherlands,2022,Retrofit,Office,"Facade,Ventilated Facade",-,-,Opaque,-;13500;176;-;Solarix | Kuijpers | Solarge | Avery Denisson | Omnimark;https://solarix-solar.com/ | https://www.kuijpers.nl/ | https://solarge.com/ | https://www.averydennison.com/nl/home.html | https://omnimark.nl/;Colored;Custom;Yes,-,176,13500,-,Multi,Satin,Custom,Mixed,No,Industrial,<0.5,S,90,Attached,Heterogeneous,Banner,Subjugation,Vertical,No
134,Villa Lichtenberg,Netherlands,2023,New,Residential,"Facade,Ventilated Facade",Monocrystalline,-,Opaque,137;9600;140;17.4;Solarix | Willem van Winsen Architecten | Solar NRG;https://solarix-solar.com/ | https://wvwa.nl/ | https://solarnrg.nl/;Colored;Custom;Yes,-,137,9600,-,Green,Satin,Custom,Rectangular,No,Agglomeration,>0.5,All,90,Rainscreen,Heterogeneous,Rhythmic,Integration,Mixed,No
135,WWF HQ,Netherlands,1998,-,-,Solar Control,-,-,Translucent,31.8 kWp,-,-,-,-,-,-,-,-,-,-,-,-,-,-,-,-,-,-,-
136,Woning Amsterdam,Netherlands,2023,New,Residential,"Roof,Covered Roof,Facade,Ventilated Facade",-,-,Opaque,45;6000;42;8;Hermans Technisolar;https://hermanstechnisolar.com/;Black/DarkBlue;Custom;No,8,45,6000,-,Brown,Glossy,Custom,Rectangular,No,Urban,<0.5,S,90,Rainscreen,Heterogeneous,Depth,Integration,Mixed,No
137,Zonnegevel Stadskantoor Zwolle,Netherlands,2023,Retrofit,Office,"Facade,Ventilated Facade",-,-,Translucent,55;13500;105;17.5;Soluxa | Salverda Bouw | croonwolter&dros | Slim Solar Systems B.V.;https://www.soluxa.solar | https://salverda.nl/ | https://www.croonwolterendros.nl/ | https://www.slimsolarsystems.nl/;Colored;Standard;No,17.5,105,13500,-,Red,Satin,Standard,Rectangular,No,Urban,<0.5,S,90,Attached,Heterogeneous,Banner,Integration,Vertical,No
138,Brynseng Primary School,Norway,2017,New,Public,Integrated,Monocrystalline,Mono,Opaque,2017;IEA Case Studies;105000,166,1046,105000,-,Black,Satin,Standard,Rectangular,No,Urban,>0.5,S,90,Rainscreen,Heterogeneous,Depth,Integration,Vertical,No
139,Flotane Rest Stop,Norway,2011,New,Public,Facade Cladding,-,-,Opaque,-,-,10,-,-,Black,Flat,Large,Rectangular,Yes,Rural,0.5,S,60,Rainscreen,Heterogeneous,Sculptural,Dominant,Horizontal,No
140,KIWI Dalgård supermarket,Norway,2017,-,-,Rainscreen,-,-,-,-,-,-,-,-,Black,Flat,Standard,Mixed,-,Urban,>0.5,SW;NW,90,Rainscreen,Heterogeneous,Grid,Integration,Horizontal,No
141,NTNU - Norwegian University of Science and Technology,Norway,2000,-,Educational,Solar Control,-,-,Translucent,16 kWp,16,-,-,-,Black,Flat,Standard,Rectangular,Yes,Urban,>0.5,-,90,Solar Control,Heterogeneous,Skin,Dominant,-,No
142,Oseana,Norway,2012,New,Public,Facade Cladding,-,-,Opaque,463 m2,-,463,-,-,Black,Flat,Standard,Rectangular,Yes,Agglomeration,1,S,Var.,Rainscreen,Homogeneous,Skin,Dominant,Horizontal,No
143,Oslo Opera,Norway,2007,-,Public,Facade Glazing,-,-,Translucent,38 kWp,38,-,-,-,Black,Flat,Custom,Mixed,No,Urban,<0.5,SW,90,Warm Facade,Heterogeneous,Grid,Integration,Horizontal,No
144,Solsmaragden,Norway,2015,New,Office,Mixed,Monocrystalline,Mono,Opaque,2015;IEA Case Studies;106000,115.2,1242,56000,-,Green,Satin,Custom,Rectangular,Yes,Urban,1,E;S;W,90,Rainscreen,Homogeneous,Rhythmic,Integration,Horizontal,Yes
145,Spar Supermarkt,Norway,2018,-,Commercial,Rainscreen,-,-,-,-,-,-,-,-,Black,Flat,Small,Rectangular,No,Agglomeration,0.5,SE;SW,90,Rainscreen,Heterogeneous,Flat,Integration,Vertical,No
146,Ticon Eiendom,Norway,2020,Retrofit,Office,-,-,-,-,-;57;0;31450;0,57,-,31500,-,Gold,Flat,Custom,Rectangular,No,Urban,0.5,All,90,Rainscreen,Heterogeneous,Rhythmic,Integration,Mixed,No
147,WSPIA School of Law and Public Administration,Poland,2011,New,Public,"Warm Facade,Louvres Balcony",Polycrystalline ,-,Var.,Urban;18 kWp ;200 m2,18,200,-,-,Blue,Flat,Custom,Rectangular,Yes,Urban,0.5,-,90,-,Heterogeneous,Rhythmic,Integration,Mixed,No
148,Natura Towers,Portugal,2009,-,-,Facade Glazing,-,-,Translucent,24 kWp,24,-,-,-,Blue,Flat,Custom,Rectangular,Yes,Urban,<0.5,SE,90,Solar Control,Heterogeneous,Rhythmic,Integration,Vertical,No
149,William Rankine Building,Scotland,2006,-,-,Facade Cladding,-,-,Opaque,26.35 kWp,26.35,-,-,-,Blue,Flat,Standard,Rectangular,Yes,Urban,<0.5,SW,90,Rainscreen,Heterogeneous,HighTech,Subjugation,Vertical,No
150,Keppel DHCS,Singapore,2012,New,Industrial,Unknown,Monocrystalline,Mono,-,2012;BIPV SG;50000,550,5000,-,-,Blue,Flat,Standard,Rectangular,Yes,Industrial,>0.5,All,90,Rainscreen,Heterogeneous,Banner,Subordination,Vertical,No
151,Tampines Grande,Singapore,2009,New,Office,Integrated,Thin Film,a-Si,-,2009;BIPV SG;0,6,-,-,-,Blue,Satin,Standard,Rectangular,No,Urban,<0.5,SE;SW,90,Rainscreen,Heterogeneous,Banner,Integration,Horizontal,No
152,FKI Tower Seoul,South Korea,2014,New,Office,Unknown,Monocrystalline,Mono,-,2013;BIPV SG;844000,-,-,84400,-,Black,Flat,Standard,Square,Yes,Urban,<0.5,All,60,Solar Control,Heterogeneous,ZigZag,Dominant,Horizontal,No
153,Hanwha Headquarters,South Korea,2019,Retrofit,Office,-,Monocrystalline,-,-,2016;73;61;85500;-,73,-,85500,168,Black,Flat,Custom,Rectangular,Yes,Urban,<0.5,S,70,Solar Control,Heterogeneous,Skin,Integration,Horizontal,No
154,Azurmendi,Spain,2012,New,Public,Integrated,Thin Film,a-Si,-,2012;IEA Case Studies;16500,21,-,16500,-,Black,Flat,Standard,Rectangular,No,Rural,<0.5,-,90,Warm Facade,Homogeneous,Grid,Integration,Horizontal,No
155,Casa da Enerxía - As Pontes,Spain,2003,-,-,Facade Glazing,-,-,Translucent,5 kWp,5,-,-,-,Black,Flat,Standard,Rectangular,Yes,Industrial,<0.5,S,90,Warm Facade,Heterogeneous,Rhythmic,Integration,Vertical,No
156,CIEMAT office building,Spain,2015,Retrofit,Office,Rainscreen,Monocrystalline,Mono,Opaque,"32 kWp, 172.9 m2, 20000 kWh",32,173,20000,-,Blue,Flat,Standard,Rectangular,Yes,Urban,<0.5,E;S;W,90,Rainscreen,Heterogeneous,Banner,Integration,Horizontal,No
157,Genyo Building,Spain,2008,New,Institutional,Facade Cladding,Amorphous silicon,-,Transparent,19.3 kWp,19.3,-,-,-,Multi,Glossy,Standard,Rectangular,No,Agglomeration,1,SE,90,Rainscreen,Heterogeneous,Rhythmic,Dominant,Horizontal,No
158,ICSE,Spain,2015,New,Office,Facade Glazing,Amorphous silicon,-,Transparent,-,-,-,-,39,Multi,Glossy,Large,Rectangular,No,Urban,1,N;E;S,90,Solar Control,Homogeneous,Rhythmic,Integration,Vertical,No
159,Isofoton Headquarters,Spain,2005,-,Office,Facade Cladding,-,-,Opaque,84.1 kWp,84.1,-,-,-,Black,Flat,Standard,Rectangular,Yes,Industrial,>0.5,-,90,Rainscreen,Homogeneous,Grid,Integration,Horizontal,No
160,Magic Box solar house,Spain,2007,-,-,Facade Glazing,-,-,Translucent,8.1 kWp,8.1,-,-,-,Black,Flat,Standard,Square,Yes,Urban,<0.5,S,90,Warm Facade,Heterogeneous,Depth,Integration,Centric,No
161,Marques de Valdecilla,Spain,2015,New,Hospital,Curtain wall,Monocrystalline,-,Translucent,-,26.5,-,-,652,Black,Flat,Standard,Rectangular,No,Urban,<0.5,S,90,Warm Facade,Heterogeneous,Grid,Integration,Horizontal,No
162,"Municipal Kinder Garden ""El Blauet""",Spain,2008,-,-,Solar Control,-,-,Translucent,-,-,-,-,-,Multi,Flat,Standard,Rectangular,Yes,Urban,<0.5,S,75,Solar Control,Heterogeneous,Banner,Dominant,Horizontal,No
163,Pompeu Fabra Library,Spain,1997,New,Educational,Warm Facade,Polycrystalline ,-,Translucent,Urban;20 kWp ;225 m2,20,225,-,-,Blue,Flat,Standard,Rectangular,Yes,Urban,>0.5,SE,90,Warm Facade,Heterogeneous,Grid,Dominant,Vertical,No
164,"Primary Health Care Centre ""Roger de Flor""",Spain,2007,-,Public,Facade Glazing,-,-,Translucent,10 kWp,10,-,-,-,Blue,Flat,Standard,Rectangular,Yes,Historic,<0.5,SW,90,Rainscreen;Double Skin,Heterogeneous,Flat,Integration,Horizontal,No
165,PV sunshading in Monte Malaga Hotel,Spain,2005,-,Public,Solar Control,-,-,Opaque,54 kWp,54,-,-,-,Blue,Flat,Small,Square,Yes,Urban,0.5,SE;SW,0,Solar Control,Heterogeneous,HighTech,Dominant,Centric,No
166,PV-Ceramic ventilated Facade,Spain,2007,-,-,Facade Cladding,-,-,Opaque,6 kWp,6,-,-,-,Blue,Flat,Standard,Rectangular,Yes,-,>0.5,-,90,Rainscreen,Heterogeneous,Grid,Integration,Horizontal,No
167,Sanitary complex of the Alzheimer Project - Reina Sofía Foundation,Spain,2007,-,Public,Solar Control,-,-,Opaque,19.92 kWp,19.9,-,-,-,Blue,Flat,Small,Rectangular,Yes,Urban,>0.5,SE;SW;NW,60,Solar Control,Heterogeneous,HighTech,Dominant,Horizontal,No
168,"Social Center ""El Barranquet""",Spain,2007,-,Public,Facade Glazing,-,-,Translucent,5.4 kWp,5.4,-,-,-,Blue,Flat,Standard,Rectangular,Yes,Urban,>0.5,SW,90,Warm Facade,Heterogeneous,Grid,Integration,Horizontal,No
169,Solar XXI Building,Portugal,2007,New,Institutional,Facade Cladding,Polycrystalline ,-,Opaque,12 kWp,12,-,-,-,Blue,Flat,Standard,Rectangular,Yes,Urban,0.5,S,90,Rainscreen,Heterogeneous,Rhythmic,Integration,Horizontal,No
170,The Black Box,Spain,2009,New,Industrial,Rainscreen,Monocrystalline,-,Opaque,-,-,-,-,-,Black,Glossy,Small,Rectangular,No,Industrial,1,SE;SW,90,Rainscreen,Homogeneous,Flat,Dominant,Horizontal,No
171,Torre garena,Spain,2005,-,Office,Solar Control,Polycrystalline ,-,Opaque,80 kWp,80,-,-,-,Blue,Flat,Standard,Rectangular,Yes,Urban,0.5,SE,45,Solar Control,Heterogeneous,Banner,Integration,Horizontal,No
172,Universidad La Salle,Spain,2002,New,Educational,Solar Control,Polycrystalline ,-,Translucent,18 kWp,18,-,-,-,Blue,Flat,Standard,Rectangular,Yes,Urban,>0.5,SW,90,Rainscreen;Double Skin,Homogeneous,Banner,Integration,Horizontal,No
173,Zero-energy building of Acciona Solar,Spain,2006,-,-,Solar Control,Polycrystalline ,-,Translucent,48.3 kWp,48.3,-,-,-,Blue,Flat,Standard,Rectangular,Yes,Agglomeration,>0.5,S,90,Solar Control;Double Skin,Heterogeneous,Banner,Integration,Horizontal,No
174,Frodeparken,Sweden,2014,New,Residential,Integrated,Thin Film,CIS,-,2014;IEA Case Studies;70000,100,898,70000,-,Black,Glossy,Small,Rectangular,No,Urban,>0.5,S,90,Rainscreen,Heterogeneous,Rhythmic,Integration,Horizontal,No
175,KTH Auditorium,Sweden,2006,-,Educational,Solar Control,-,-,Translucent,-,-,-,-,-,Black,Flat,Custom,Square,Yes,Urban,<0.5,S,90,Warm Facade;Solar Control,Heterogeneous,Rhythmic,Integration,Centric,No
176,NCC Holmen and Grynnan,Sweden,2004,-,-,Facade Cladding,-,-,Opaque,34.7 kWp,34.7,-,-,-,Blue,Flat,Custom,Rectangular,No,Urban,0.5,SE;SW,90,Rainscreen,Heterogeneous,Grid,Integration,Mixed,No
177,One tonne Life,Sweden,2008,-,-,Facade Cladding,-,-,Opaque,6 kWp,6,-,-,-,Black,Glossy,Standard,Rectangular,No,Agglomeration,1,-,90,Rainscreen,Homogeneous,Depth,Dominant,Horizontal,No
178,Apartment building in Zurich,Switzerland,2019,New,Residential,-,Monocrystalline,-,Opaque,"86kWp, 2018;42;25;36550;-",86,339,36550,-,Brown,Satin,Custom,Mixed,No,Agglomeration,1,All,90,Rainscreen,Homogeneous,Banner,Integration,Mixed,No
179,Apartment in Zurich,Switzerland,2016,Retrofit,Residential,Integrated,Monocrystalline,Mono,Opaque,1982;IEA Case Studies;72345,170,1550,82000,-,Grey,Satin,Standard,Rectangular,No,Urban,1,All,90,Rainscreen,Homogeneous,Depth,Integration,Vertical,No
180,Apartment Romanshorn,Switzerland,2013,Retrofit,Residential,"Flat Roof,Cold Facade",Polycrystalline ,Mono,Opaque,1961;Swiss BIPV Competence Center;0,53,295,-,-,Black,Flat,Standard,Rectangular,Yes,Urban,1,S;W,90,Rainscreen,Heterogeneous,Banner,Dominant,Vertical,Yes
181,AUE,Switzerland,2021,New,Office,Rainscreen,Monocrystalline,-,-,2019;163;0;53000;0,163,1132,53000,-,Black,Structured,Custom,Mixed,Yes,Urban,1,All,90,Rainscreen,Homogeneous,Flat,Dominant,Mixed,Yes
182,Berger & Frank HQ,Switzerland,2012,New,Office,Integrated,Monocrystalline,Mono,-,2012;Swiss BIPV Competence Center;20349,18,140,20000,-,Black,Flat,Custom,Mixed,Yes,Urban,>0.5,S,75,Rainscreen,Heterogeneous,HighTech,Dominant,Horizontal,No
183,Bühler Electricité,Switzerland,2011,Retrofit,Office,Cold Facade,Monocrystalline,-,Opaque,Urban;-;-,-,-,-,-,Black,Flat,Large,Square,Yes,Industrial,0.5,SE,90,Rainscreen,Heterogeneous,Grid,Subjugation,Centric,No
184,Bauen 2050,Switzerland,2022,New,Residential,-,Monocrystalline,-,-,-;300;-;-;-,-,300,-,-,Green,Satin,Small,Rectangular,No,Agglomeration,>0.5,-,90,Rainscreen,Heterogeneous,Grid,Integration,Vertical,No
185,Casa Solara,Switzerland,2012,New,Residential,Cold Facade,Monocrystalline,-,Opaque,Mountain;34.4 kWp ;346,34.4,346,-,-,Black,Glossy,Standard,Rectangular,Yes,Agglomeration,0.5,S,90,Rainscreen,Heterogeneous,Depth,Integration,Horizontal,No
186,Coop Letzipark,Switzerland,2018,-,Commercial,Rainscreen,Monocrystalline,-,Opaque,-,-,-,-,-,Brown,Satin,Custom,Rectangular,No,Urban,>0.5,-,90,Rainscreen,Heterogeneous,Depth,Integration,Vertical,No
187,CP Pregassona,Switzerland,2021,New,Residential,Rainscreen,Monocrystalline,-,Opaque,-,173,1675,79000,-,White,Satin,Custom,Rectangular,No,Urban,1,All,90,Rainscreen,Heterogeneous,Rhythmic,Integration,Vertical,No
188,CSEM Facade,Switzerland,2015,New,Office,Rainscreen,Monocrystalline,Mono,Translucent,2015;Swiss BIPV Competence Center;55000,70,633,55000,-,Black,Flat,Standard,Rectangular,Yes,Urban,1,S,90,Rainscreen,Homogeneous,Grid,Dominant,Vertical,No
189,Data Center WWZ AG,Switzerland,2021,New,Industrial,-,-,-,-,-;5;-;-;-,4.5,269,-,-,Grey,Structured,Large,Rectangular,No,Industrial,<0.5,SE,90,Rainscreen,Heterogeneous,Rhythmic,Integration,Horizontal,No
190,Dauwalder House,Switzerland,2009,New,Residential,Louvres Balcony,Monocrystalline,-,Opaque,"Urban;7,6 kWp (roof) + 1,5 kWp (facade) ; -",1.5,-,-,-,Black,-,Custom,Square,No,Agglomeration,<0.5,SW,90,Solar Control,Heterogeneous,Rhythmic,Integration,Centric,No
191,deltaROSSO,Switzerland,2016,New,Residential,Rainscreen,Monocrystalline,-,Opaque,-;30;17;48850;-,30,194,48850,154,Black,Satin,Custom,Rectangular,No,Urban,>0.5,S,90,Rainscreen,Homogeneous,Grid,Integration,Horizontal,No
192,Die Mobiliar Renovation,Switzerland,2017,Retrofit,Office,Solar Control,Amorphous silicon,-,Transparent,2013;74;76;117000;-,74,1384,117000,-,Purple,Flat,Custom,Rectangular,No,Urban,0.5,N;E;S,90,Solar Control,Heterogeneous,Rhythmic,Integration,Vertical,No
193,Energieautarkes MFH Unterdorfstr,Switzerland,2015,New,Residential,Facade Cladding,Thin Film,-,Opaque,206 kWp,206,-,27000,-,Grey,Satin,Custom,Mixed,No,Agglomeration,1,All,90,Rainscreen,Homogeneous,Rhythmic,Integration,Mixed,No
194,FEAT building,Switzerland,1997,Retrofit,Office,External integrated device,Monocrystalline,-,Opaque,-,3.8,26,-,-,Black,Flat,Standard,Rectangular,Yes,Urban,<0.5,S,70,Solar Control,Heterogeneous,Banner,Integration,Horizontal,No
195,Fehlmann Housing Development,Switzerland,2020,New,Residential,Rainscreen,Monocrystalline,-,Opaque,-;82;47;82700;-,82,590,40000,-,Black,Glossy,Large,Rectangular,Yes,Agglomeration,0.5,All,90,Rainscreen,Heterogeneous,Rhythmic,Integration,Vertical,No
196,Flumroc Headquarter,Switzerland,2014,Retrofit,Industrial,"Flat Roof,Cold Facade",Thin Film,-,Opaque,Urban;71.3 kWp (roof); 57.3 kWp (facade);403 m2 (roof); 413 m2 (facade),57.3,413,40500,-,Black,Glossy,Custom,Square,No,Rural,0.5,-,90,Rainscreen,Heterogeneous,Banner,Integration,Centric,No
197,Grosspeter Tower,Switzerland,2017,New,Office,Rainscreen,CIGS,-,Opaque,-;440;100;252000;-,440,4800,252000,110,Grey,Satin,Custom,Rectangular,No,Urban,1,All,90,Rainscreen,Homogeneous,Rhythmic,Integration,Mixed,No
198,Heizplan Solar Park,Switzerland,2010,New,Industrial,Unknown,Thin Film,CIS,-,2010;Swiss BIPV Competence Center;19500,28.2,192,-,-,Black,Glossy,Standard,Rectangular,No,Rural,>0.5,E;S,90,Attached,Heterogeneous,Grid,Subjugation,Horizontal,No
199,High-pressure Pump Rietli,Switzerland,2015,Retrofit,Industrial,Cold Facade,Monocrystalline,-,Opaque,Urban;131 kWp ;950 m2,131,950,-,-,Black,Flat,Standard,Rectangular,Yes,Industrial,1,SW,90,Rainscreen,Homogeneous,Flat,Dominant,Horizontal,No
200,Hofberg 6/7,Switzerland,2011,New,Residential,Rainscreen,Monocrystalline,-,Opaque,-;8;50;55300;-,8,51,55300,-,Black,Flat,Custom,Rectangular,Yes,Agglomeration,<0.5,SE,90,Rainscreen,Heterogeneous,Banner,Integration,Horizontal,No
201,HQ Rhiienergie AG,Switzerland,2020,New,Industrial,Rainscreen,Monocrystalline,Mono,-,2019;9;66;87050;-,8.8,96,87050,95,Print,Satin,Custom,Rectangular,Yes,Agglomeration,0.5,S,90,Rainscreen,Heterogeneous,Rhythmic,Integration,Vertical,Yes
202,Institute for Medical Microbiology UZH,Switzerland,2018,New,Educational,-,Monocrystalline,-,Opaque,-;124;0;-;-,124,-,-,-,Grey,Satin,Custom,Rectangular,No,Urban,1,All,90,Rainscreen,Homogeneous,Banner,Integration,Horizontal,No
203,Jugendstil-PEB-MFH Culmannstr.,Switzerland,2015,-,Residential,Facade Cladding,Monocrystalline,-,Opaque,27.9 kWp,27.9,-,-,-,Black,Flat,Custom,Rectangular,Yes,Urban,>0.5,E,90,Rainscreen,Heterogeneous,Depth,Subordination,Horizontal,No
204,KKLB Fassade,Switzerland,2014,Retrofit,Industrial,Cold Facade,Monocrystalline,-,Opaque,Isolated;7.5;48,7.5,48,-,-,Red,Flat,Custom,Rectangular,No,Rural,1,SW,90,Rainscreen,Homogeneous,Grid,Dominant,Horizontal,No
205,Kloten Milano,Switzerland,2019,New,Residential,-,Monocrystalline,-,-,-;22;0;-;-,22,205,-,-,Black,Satin,Standard,Rectangular,No,Urban,<0.5,All,90,Rainscreen,Heterogeneous,Banner,Integration,Vertical,Yes
206,Logistic Center V-Zug,Switzerland,2009,New,Industrial,Cold Facade,Polycrystalline ,-,Var.,Industrial;19.25 kWp (FaCade);252 kWp (Roof);1800 m2 (Roof),19.3,-,-,-,Blue,Flat,Large,Rectangular,No,Industrial,>0.5,E;W,90,Rainscreen,Homogeneous,VertZigZag,Dominant,Vertical,No
207,Maison Climat,Switzerland,2022,New,Residential,-,Monocrystalline,-,Opaque,2021;74;-;-;-,-,-,-,-,Black,Flat,Small,Square,Yes,Urban,<0.5,S,90,Rainscreen,Heterogeneous,Banner,Integration,Centric,No
208,Project in Männedorf,Switzerland,2020,New,Residential,Rainscreen,Monocrystalline,-,Opaque,-;80;0;50000;0,80,847,90500,132,Red,Satin,Custom,Rectangular,No,Urban,>0.5,All,90,Rainscreen,Heterogeneous,Depth,Integration,Vertical,No
209,Matterhorn Glacier Paradise,Switzerland,2009,-,Public,Facade Cladding,Monocrystalline,Mono,Opaque,-,22,170,-,-,Black,Flat,Standard,Rectangular,Yes,Mountain,1,S,80,Rainscreen,Heterogeneous,Rhythmic,Integration,Horizontal,No
210,Mehrfamilienhaus Chrüzmatte,Switzerland,2015,Retrofit,Residential,Facade Cladding,Monocrystalline,-,Opaque,-,12,-,6500,-,Print,Satin,Custom,Rectangular,No,Urban,<0.5,W,90,Rainscreen,Heterogeneous,Rhythmic,Imitation,Horizontal,Yes
211,MFH in Zwirnerstrasse,Switzerland,2017,New,Residential,Rainscreen,Monocrystalline,-,Opaque,-,25,402,21000,-,Grey,Satin,Small,Rectangular,No,Agglomeration,>0.5,All,85,Rainscreen,Heterogeneous,Depth,Integration,Centric,No
212,MFH Raeber,Switzerland,2010,New,Residential,Facade Cladding,Monocrystalline,-,Opaque,87 m2,-,87,-,-,Multi,Glossy,Custom,Rectangular,Yes,Urban,>0.5,S;W,90,Rainscreen,Heterogeneous,Depth,Dominant,Vertical,Yes
213,MFH Seewadelstrasse,Switzerland,2019,New,Residential,Rainscreen,Monocrystalline,-,Opaque,-,85,688,61000,-,Multi,Satin,Custom,Rectangular,No,Urban,1,All,90,Rainscreen,Heterogeneous,Grid,Integration,Horizontal,No
214,Monte Rosa Hut,Switzerland,2009,New,Public,Unknown,Monocrystalline,Mono,-,2009;Swiss BIPV Competence Center;21000,16,122,-,-,Black,Flat,Custom,Mixed,Yes,Mountain,>0.5,S,75,Warm Facade,Heterogeneous,Sculptural,Dominant,Vertical,No
215,EMPA,Switzerland,1996,-,Educational,Solar Control,Polycrystalline ,-,Opaque,45.5 kW,45.5,-,-,-,Blue,Flat,Standard,Rectangular,Yes,Urban,<0.5,S,90,Solar Control,Heterogeneous,Banner,Integration,Horizontal,No
216,New Campus Franklin University,Switzerland,2023,New,Educational,Solar Control,Monocrystalline,-,Opaque,-;18;0;18700;0,18,138,18700,100,White,Satin,Custom,Rectangular,No,Urban,>0.5,S,90,Solar Control,Heterogeneous,Skin,Integration,Vertical,No
217,New Green Facade,Switzerland,2022,Retrofit,Residential,Rainscreen,Monocrystalline,-,Opaque,2020;52;41;34000;47000,52,-,34000,-,Green,Structured,Custom,Rectangular,No,Urban,>0.5,S;W,85,Rainscreen,Heterogeneous,Rhythmic,Integration,Mixed,No
218,New Tracuit Hut,Switzerland,2013,New,Public,Cold Facade,Monocrystalline,-,Opaque,Mountain;11 kWp ;89 m2,11,89,13600,-,Black,Flat,Standard,Rectangular,Yes,Mountain,1,S,80,Rainscreen,Homogeneous,Flat,Dominant,Vertical,No
219,Novartis Pavillon,Switzerland,2022,New,Public,Rainscreen,Organic photovoltaic,-,Opaque,36.0 kWp,36,-,1300,-,Black,Flat,Small,Rhomboid,No,Urban,1,All,Var.,Attached,Homogeneous,Media,Dominant,Centric,Yes
220,PEB Fitness/Wellness NEST,Switzerland,2017,New,Public,Solar Control,Monocrystalline,-,Translucent,24.2 kWp,6.4,58,4300,-,Black,Flat,Standard,Rectangular,Yes,Industrial,0.5,-,90,Rainscreen,Heterogeneous,-,Integration,-,No
221,PEB-Clevergie AG,Switzerland,2017,-,Office,Facade Cladding,Monocrystalline,-,Opaque,90 kWp,90,-,-,-,Black,Flat,Standard,Rectangular,Yes,Rural,0.5,All,90,Rainscreen,Heterogeneous,Grid,Integration,Horizontal,No
222,PEB-Doppelfamilienhaus Fent,Switzerland,2015,-,Residential,Facade Security,Monocrystalline,-,Translucent,21.7 kWp,7.7,73,5500,-,Black,Flat,Custom,Rectangular,Yes,Agglomeration,0.5,E;S;W,90,Rainscreen,Heterogeneous,Banner,Integration,Mixed,Yes
223,PEB-EFH und Büro Güller,Switzerland,2016,New,Office,Facade Cladding,Monocrystalline,-,Opaque,24.1 kWp,17.8,113,11000,-,Black,Flat,Standard,Rectangular,No,Agglomeration,>0.5,E;S;W,90,Rainscreen,Heterogeneous,Banner,Integration,Vertical,No
224,PEB-MFH Ebneter,Switzerland,2016,-,Residential,Facade Cladding,-,-,Opaque,40.7 kWp,22.6,180,14300,-,Blue,Flat,Custom,Mixed,Yes,Agglomeration,1,All,90,Rainscreen,Homogeneous,Flat,Subordination,Mixed,No
225,PEB-MFH Immobilien,Switzerland,2017,-,Residential,Facade Security,-,-,Opaque,31 kWp,12.4,84,5600,-,Black,Flat,Standard,Rectangular,-,Agglomeration,<0.5,E;S;W,90,Facade Security; Rainscreen,Heterogeneous,-,Integration,Horizontal,No
226,PEB-MFH SonnenparkPLUS,Switzerland,2017,New,Residential,Facade Security,Monocrystalline,-,Translucent,80.7 kWp,36.1,280,23000,-,Black,Flat,Custom,Rectangular,Yes,Urban,1,S;W,90,Facade Security; Rainscreen,Heterogeneous,Depth,Integration,Horizontal,No
227,Palazzo Positivo,Switzerland,2012,Retrofit,Residential,"Flat Roof,Cold Facade,Louvres Balcony",Mixed,-,Var.,Urban;6.7 kWp(balcony); 45.9 kWp (facade);67 mq (balcony); 583 mq (facade),52.6,650,14500,-,Red,Glossy,Custom,Square,No,Urban,1,All,90,Facade Security; Rainscreen,Heterogeneous,Depth,Integration,Centric,No
228,Project in Thalwil,Switzerland,2020,New,Residential,-,-,-,-,-;32;0;11000;0,32,-,11000,-,Brown,Flat,Standard,Rectangular,No,Urban,>0.5,All,90,Rainscreen,Heterogeneous,Depth,Integration,Vertical,No
229,Schmölzer House,Switzerland,2003,New,Residential,Louvres Balcony,Polycrystalline ,-,Translucent,"Urban;3,12 kWp (roof+balciny+screens); -",3.1,-,-,-,Blue,Flat,Large,Rectangular,Yes,Agglomeration,<0.5,S,90,Solar Control;Facade Security,Heterogeneous,-,Integration,Vertical,No
230,Silo Bleu,Switzerland,2018,New,Office,"Facade,Ventilated Facade",Monocrystalline,Mono,Opaque,-;132;8;90000;-,132,926,62500,125,Grey,Satin,Custom,Rectangular,No,Urban,1,All,90,Rainscreen,Homogeneous,Rhythmic,Integration,Mixed,No
231,Sol’CH,Switzerland,2021,New,Residential,-,Monocrystalline,-,Opaque,-;30;34;47770;-,30,284,47700,115,Grey,Satin,Custom,Mixed,No,Agglomeration,1,All,90,Rainscreen,Homogeneous,Grid,Integration,Vertical,No
232,Winter Wonder Building,Switzerland,2022,Retrofit,Residential,-,Monocrystalline,-,Translucent,-;106;-;78000;-,106,-,78000,-,Blue,Satin,Custom,Rectangular,Yes,Agglomeration,>0.5,All,90,Facade Security; Rainscreen,Heterogeneous,Grid,Dominant,Mixed,No
233,Solar Living,Switzerland,2020,New,Residential,-,Monocrystalline,-,Opaque,-;27;0;-;-,26.7,223,-,-,Green,Structured,Custom,Rectangular,No,Urban,<0.5,All,90,Rainscreen,Heterogeneous,Rhythmic,Integration,Vertical,No
234,Solar Silo,Switzerland,2015,Retrofit,Office,Integrated,Monocrystalline,Mono,Opaque,1860;IEA Case Studies;16400,11.2,77,16500,-,Multi,Satin,Custom,Rectangular,No,Urban,>0.5,S;N,90,Rainscreen,Heterogeneous,Rhythmic,Integration,Horizontal,No
235,Solarer Anbau; SBB Cargo,Switzerland,2017,Retrofit,Industrial,Facade Glazing,Monocrystalline,-,Translucent,76 kWp,76,486,86900,-,Black,Flat,Standard,Rectangular,Yes,Industrial,1,SW,90,Rainscreen,Homogeneous,Flat,Dominant,Horizontal,No
236,Solares Mehrfamilienhaus,Switzerland,2017,New,Residential,Facade Security,Monocrystalline,-,Opaque,59 kWp,16,103,9200,-,Black,Flat,Custom,Rectangular,Yes,Agglomeration,<0.5,SE,90,Facade Security,Heterogeneous,Depth,Integration,Horizontal,No
237,Solares Parkhaus,Switzerland,2016,-,Public,Facade Security,Monocrystalline,-,Opaque,634 kWp,404,2400,330000,-,Black,Flat,Large,Rectangular,Yes,Industrial,0.5,S,70,Rainscreen,Heterogeneous,Banner,Dominant,Horizontal,No
238,Solaris 416,Switzerland,2017,New,Residential,Rainscreen,Monocrystalline,-,Opaque,-;46;25;31832;-,46,400,31800,116,Red,Structured,Small,Rectangular,No,Urban,1,All,90,Rainscreen,Homogeneous,Flat,Subordination,Horizontal,No
239,Solarsiedlung Hintere Luegeten,Switzerland,2012,New,Residential,"Cold Facade,Louvres Balcony",Mixed,-,Opaque,Urban;34.4 kWp ;720 m2(roof); 362 m2(facade),34.4,362,-,-,Black,Flat,Custom,Square,No,Urban,<0.5,S,90,Rainscreen,Heterogeneous,Banner,Integration,Centric,No
240,Soleol SA,Switzerland,2015,New,Office,Facade Cladding,Monocrystalline,-,Opaque,231 kWp,33.2,212,13200,-,Black,Flat,Standard,Rectangular,Yes,Industrial,0.5,S,90,Rainscreen,Heterogeneous,Rhythmic,Integration,Vertical,No
241,St. Franziskus Church,Switzerland,2018,Retrofit,Public,Rainscreen,Monocrystalline,-,Opaque,-,-,-,-,-,-,-,-,-,-,-,-,-,-,-,-,-,-,-,-
242,St. Otmarsberg Solar Abbey,Switzerland,2017,-,Public,"Discontinuous roof, Rainscreen",-,-,-,-,-,-,-,-,-,-,-,-,-,-,-,-,-,-,-,-,-,-,-
243,SUVA Zurich,Switzerland,2023,Retrofit,Office,-,Monocrystalline,-,Opaque,2022;87;-;160000;-,87,-,160000,-,Black,Flat,Small,Square,No,Urban,<0.5,E,90,Rainscreen,Heterogeneous,Banner,Integration,Centric,No
244,Swiss House of Beauty,Switzerland,2012,Retrofit,Office,"Cold Facade,Louvres Balcony",Monocrystalline,Mono,-,1971;Swiss BIPV Competence Center;10000,16.8,100,1000,-,Black,Flat,Custom,Rectangular,Yes,Urban,0.5,E;S;W,90,Rainscreen,Heterogeneous,Grid,Integration,Horizontal,No
245,Swiss Tech convention Center,Switzerland,2014,New,Public,Solar Control,Thin Film,-,Transparent,2 kWp,2,250,-,-,Multi,Flat,Custom,Rectangular,No,Urban,>0.5,W,90,Solar Control,Heterogeneous,Sculptural,Integration,Vertical,No
246,Talstation Klein Matterhorn Bahn,Switzerland,2017,-,Public,Facade Glazing,Monocrystalline,-,Translucent,136 kWp,136,877,148500,-,Black,Flat,Standard,Rectangular,Yes,Mountain,1,S,90,Rainscreen,Homogeneous,Grid,Integration,Horizontal,No
247,UBS building,Switzerland,1998,-,Office,Rainscreen,-,-,Opaque,-,-,-,-,-,Black,Glossy,Standard,Rectangular,Yes,Industrial,>0.5,SW,90,Attached,Heterogeneous,Flat,Subjugation,Vertical,No
248,Umwelt Arena,Switzerland,2011,New,Public,Rainscreen,Monocrystalline,-,Opaque,-,737,5330,-,-,Black,Flat,Small,Rectangular,Yes,Industrial,1,All,Var.,Rainscreen,Homogeneous,Skin,Integration,Horizontal,No
249,Wattbuck Tower,Switzerland,2019,Retrofit,Residential,-,Monocrystalline,-,Opaque,-;84;0;53000;0,84,470,53000,178,Black,Flat,Custom,Rectangular,No,Urban,<0.5,E;S;W,90,Rainscreen,Heterogeneous,Banner,Integration,Centric,No
250,Werkhof Mels,Switzerland,2011,Retrofit,Office,Louvres Balcony,Thin Film,-,Transparent,-;13.5 kWp;135,13.5,135,-,-,Black,Flat,Standard,Rectangular,No,Industrial,>0.5,SE,90,Solar Control,Heterogeneous,Grid,Integration,Horizontal,No
251,Bursagaz,Turkey,2016,-,Office,Solar Control,Amorphous silicon,-,Transparent,4.1 kWp,4.1,-,-,49,Black,Flat,Custom,Rectangular,No,Urban,0.5,SW,90,Solar Control,Heterogeneous,Depth,Integration,Mixed,No
252,Dubai Frame,United Arab Emirates,2015,-,Public,Facade Glazing,Amorphous silicon,-,Transparent,28 kWp,38,1200,-,34,Black,Flat,Custom,Rectangular,No,Urban,<0.5,All,90,Warm Facade,Heterogeneous,Sculptural,Integration,Vertical,No
253,EXPO 2020 Monaco Pavilion,United Arab Emirates,2020,New,Public,-,-,-,-,-;50;0;63000;0,-,-,28000,-,Black,Flat,Large,Mixed,-,Urban,1,All,Var.,Warm Facade,Homogeneous,Sculptural,Integration,Mixed,No
254,Caltrans District 7 Headquarters,United States,2007,-,Office,Solar Control,-,-,Translucent,-,-,-,-,-,Black,Flat,Standard,Rectangular,Yes,Urban,0.5,SW,45,Solar Control,Heterogeneous,HighTech,Integration,Horizontal,No
255,Green Dot Animo Lennox High School,United States,2013,New,Educational,Facade Cladding,-,-,Opaque,-,-,-,-,-,Blue,Flat,Standard,Rectangular,Yes,Urban,1,SW,90,Rainscreen,Homogeneous,Grid,Dominant,Vertical,No
256,Life Science Building,United States,2018,New,Educational,Solar Control,Amorphous silicon,-,Transparent,-,-,-,-,40,-,Flat,Custom,Rectangular,No,Urban,0.5,SE,90,Solar Control,Heterogeneous,Rhythmic,Integration,Vertical,No
257,De Loskade,Netherlands,2019,New,Residential,Rainscreen,Monocrystalline,-,Opaque,"3,400 kWh, 88 m2 / 53 m2(active)",-,53,3400,-,Multi,Satin,Small,Rectangular,No,Urban,<0.5,S,90,Attached,Heterogeneous,Banner,Subjugation,Horizontal,Yes
258,Loft Office,Netherlands,2024,Retrofit,Office,"Facade,Ventilated Facade",Monocrystalline,-,Opaque,391 m2 / 365 m2(active),-,365,-,-,Black,Satin,Custom,Rectangular,No,Urban,1,SE,90,Rainscreen,Homogeneous,Grid,Integration,Vertical,No
259,Baobab | De Kwekerij,Netherlands,2024,Retrofit,Multifunctional,Rainscreen,Monocrystalline,-,Opaque,"105,000 kWh per year, 1352 m2 / 917 m2(active)",-,917,105000,-,Black,Satin,Custom,Rectangular,No,Urban,>0.5,S,90,Attached,Heterogeneous,Grid,Dominant,Vertical,No
260,dsm-firmenich headquarters,Netherlands,2023,New,Office,Facade,Monocrystalline,-,Opaque,"36,000 kWh per year, 521 m2 / 465 m2 (active)",-,465,36000,-,Grey,Satin,Standard,Rectangular,No,Urban,<0.5,SE;SW,90,Rainscreen,Heterogeneous,Rhythmic,Integration,Vertical,Yes
261,De Kikker,Netherlands,2024,Retrofit,Educational,Facade,Monocrystalline,-,Opaque,"67,000 kWh per year, 1444 m2(With Dummies) / 1373 m2(Active)",-,1373,67000,-,Green,Satin,Custom,Rectangular,No,Urban,1,All,90,Rainscreen,Homogeneous,Flat,Integration,Horizontal,Yes
262,COOP-Hauptsitz TH12,Switzerland,2020,Retrofit,Office,"Facade,Ventilated Facade",Monocrystalline,Mono,Opaque,"1626m2, 158kWp",158,1626,69830,55,Black,Flat,Custom,Rectangular,No,Urban,0.5,All,90,Rainscreen,Heterogeneous,Grid,Integration,Horizontal,No
263,Drei Wohnungen,Switzerland,2021,New,Residential,"Facade,Ventilated Facade, Facade Security",Monocrystalline,Mono,Opaque,"44m2, 14kWp",14,44,-,-,Brown,Satin,Custom,Rectangular,No,Agglomeration,<0.5,All,90,Rainscreen,Heterogeneous,Banner,Integration,Horizontal,No
264,Sportplatz Schorenmatte,Switzerland,2020,New,Sport,Solar Control,Monocrystalline,Mono,Opaque,"45.6kWp, 41'500kWh/j",45.6,-,41500,-,Black,Flat,Standard,Rectangular,No,Agglomeration,<0.5,S,30,Solar Control,Heterogeneous,HighTech,Dominant,Horizontal,No
265,Neubau Mehrgeneration-Plusenergiehaus,Switzerland,2022,New,Residential,Facade Security,Monocrystalline,Mono,Translucent,-,-,-,-,-,Black,Flat,Standard,Rectangular,Yes,Agglomeration,0.5,E;S;W,90,Facade Security,Heterogeneous,Banner,Integration,Vertical,No
266,Lo Scudo di Stabio,Switzerland,2022,New,Residential,Facade Cladding,Monocrystalline,Mono,Opaque,22.45kWp,22.45,-,-,-,Black,Flat,Standard,Rectangular,No,Agglomeration,<0.5,SE;SW,90,Attached,Heterogeneous,Depth,Integration,Vertical,No
267,Egga-Haus,Switzerland,2023,New,Residential,Facade Cladding,Monocrystalline,Mono,Opaque,-,-,-,-,-,Black,Flat,Standard,Rectangular,Yes,Rural,<0.5,E;S;W,90,Rainscreen,Heterogeneous,Banner,Integration,Horizontal,No
268,Geschäftshaus Bellerivestrasse 36,Switzerland,2024,Retrofit,Office,Solar Control,Monocrystalline,Mono,Opaque,76 - 304 Wp,-,-,-,-,Brown,Flat,Custom,Mixed,No,Urban,<0.5,All,30,Solar Control,Heterogeneous,Banner,Dominant,Horizontal,No
269,Ersatzneubau MFH Zwyssigstrasse 7/9,Switzerland,2017,New,Residential,Facade Security,Polycrystalline ,Poly,Opaque,"25'000kWh, 56kWp",56,-,25000,-,Green,Flat,Standard,Rectangular,Yes,Urban,0.5,All,90,Facade Security,Heterogeneous,Depth,Integration,Horizontal,No
270,Ziekenhuis (Hospital),Belgium,-,New,Public,Rainscreen,Monocrystalline,Mono,Translucent,"46kWp, 31000kWh/a",46,-,31000,-,Black,Flat,Standard,Mixed,Yes,Urban,<0.5,S,45,Warm Facade,Heterogeneous,Depth,Integration,Vertical,No
271,Appleton Tower,Scotland,-,Retrofit,Office,"Facade,Ventilated Facade",Monocrystalline,Mono,Opaque,"26kWp, 19000kWh/a",26,-,19000,-,Black,Flat,Standard,Rectangular,No,Urban,<0.5,S,90,Rainscreen,Heterogeneous,Banner,Subordination,Vertical,No
272,Northumberland Building,United Kingdom,1994,Retrofit,Office,Solar Control,Polycrystalline ,Poly,Opaque,"40kWp, 25000kWh/a",40,-,25000,-,Blue,Flat,Small,Rectangular,Yes,Urban,0.5,S,70,Solar Control,Heterogeneous,Banner,Integration,Vertical,No
273,Heron Tower,United Kingdom,2011,New,Office,Curtain wall,Monocrystalline,Mono,Translucent,"153kWp, 92000kWh/a",153,-,92000,-,Black,Flat,Large,Rectangular,Yes,Urban,<0.5,S,90,Warm Facade,Heterogeneous,Grid,Integration,Horizontal,No
274,CMB HQ,Italy,2006,New,Office,Facade Glazing,Polycrystalline ,Poly,Opaque,-,-,-,-,-,Blue,Flat,Standard,Rectangular,Yes,Urban,<0.5,S,90,Warm Facade,Heterogeneous,Sculptural,Integration,Horizontal,No
275,Hochhaus Holenackerstrasse,Switzerland,2023,Retrofit,Residential,Facade Cladding,CIGS,-,Opaque,"85,6kWp, 511000kWh/a, 672m2",85.6,672,511000,-,Brown,Satin,Standard,Rectangular,No,Agglomeration,<0.5,SW,90,Rainscreen,Heterogeneous,Depth,Integration,Horizontal,No
276,Office Spencer Street,Australia,2023,New,Office,Facade Glazing,CIGS,-,Opaque,"146kWp, 75730kWh/a, 1203m2",146,1203,75730,-,-,Flat,Custom,Rectangular,No,Urban,0.5,N,90,Warm Facade,Homogeneous,VertZigZag,Integration,Horizontal,No
277,DHL Parkhaus,Germany,2023,New,Public,Facade Cladding,CIGS,-,Opaque,"240kWp, 809000kWh/a (incl. roof), 1872m2 (only Facade)",240,1872,-,-,Multi,Satin,Custom,Rectangular,No,Agglomeration,0.5,S,Var.,Attached,Homogeneous,Dynamic,Dominant,Vertical,No
278,Gasmotorenwerk Saarbrücken,Germany,2022,Retrofit,Industrial,"Facade,Ventilated Facade",CIGS,-,Opaque,"120.5kWp, 79400kWh/a, 1058m2",120.5,1058,79400,-,White,Satin,Standard,Rectangular,No,Industrial,1,S,90,Rainscreen,Heterogeneous,VertZigZag,Integration,Vertical,No
279,RWE Parkhaus,Germany,2022,New,Public,Facade Cladding,CIGS,-,Opaque,"120kWp, 66840kWh/a, 850m2",120,850,66840,-,Black,Satin,Standard,Rectangular,No,Urban,0.5,E;S;W,90,Rainscreen,Heterogeneous,Banner,Integration,Vertical,No
280,LAB42,Netherlands,2021,New,Office,Facade Cladding,CIGS,-,Opaque,"46,5kWp, 29000kWh/a, 349m2",46.5,349,29000,-,Black,Satin,Custom,Rectangular,No,Urban,<0.5,SE;SW,90,Rainscreen,Heterogeneous,Rhythmic,Integration,Vertical,No
281,Nya Kronan,Sweden,2021,Retrofit,Residential,"Facade,Ventilated Facade",CIGS,-,Opaque,"68.6kWp, 48900kWh/a, 527m2",68.6,527,48900,-,Black,Flat,Custom,Rectangular,No,Urban,1,SE;SW,90,Rainscreen,Homogeneous,Rhythmic,Integration,Vertical,No
282,Bremer Tor,Germany,2021,Retrofit,Multifunctional,"Facade,Ventilated Facade",CIGS,-,Opaque,"32.8kWp, 194000kWh/a, 246.6m2",32.8,246.6,194000,-,Black,Flat,Custom,Rectangular,No,Urban,1,E;W,90,Rainscreen,Heterogeneous,Banner,Integration,Vertical,No
283,Sara Kulturhus,Sweden,2021,New,Multifunctional,"Facade,Ventilated Facade",CIGS,-,Opaque,"39.5kWp, 21800kWh/a, 319m2",39.5,319,218000,-,Bronze,Satin,Standard,Rectangular,No,Urban,<0.5,All,90,Rainscreen,Heterogeneous,Rhythmic,Subordination,Horizontal,No
284,Solarhaus,Poland,2020,New,Residential,"Facade,Ventilated Facade",CIGS,-,Opaque,"14.2kWp, 10700kWh/a, 107m2",14.2,107,107000,-,Black,Satin,Standard,Rectangular,No,Agglomeration,0.5,S,90,Rainscreen,Heterogeneous,Depth,Integration,Horizontal,No
285,Dreifeld-Sporthalle ,Germany,2022,New,Sport,"Facade,Ventilated Facade",CIGS,-,Opaque,"75kWp, 37400kWh/a, 565m2",75,565,37400,-,Grey,Satin,Standard,Rectangular,No,Agglomeration,0.5,SE;SW,90,Rainscreen,Heterogeneous,Flat,Integration,Horizontal,No
286,Helmholtz-Zentrum,Germany,2020,New,Institutional,"Facade,Ventilated Facade",CIGS,-,Opaque,"48kWp, 28000kWh/a, 378m2",48,378,28000,-,Blue,Satin,Standard,Rectangular,No,Agglomeration,<0.5,E;S,90,Rainscreen,Heterogeneous,Grid,Integration,Horizontal,No
287,Campus Aqua,Switzerland,2020,New,Industrial,"Facade,Ventilated Facade",CIGS,-,Opaque,"176.7kWp, 90000kWh/a, 1432m2",176.7,1432,90000,-,Green,Satin,Standard,Rectangular,No,Industrial,1,All,90,Rainscreen,Homogeneous,Grid,Integration,Horizontal,No
288,Westspitze,Germany,2020,New,Office,"Facade,Ventilated Facade",CIGS,-,Opaque,"82.4kWp, 50400kWh/a, 659m2",82.4,659,50400,-,Bronze,Satin,Standard,Rectangular,No,Urban,>0.5,E;S;W,90,Rainscreen,Heterogeneous,Rhythmic,Integration,Vertical,No
289,Stadtwerke,Germany,2020,Retrofit,Office,"Facade,Ventilated Facade",CIGS,-,Opaque,"11.3kWp, 8500kWh/a, 85.4m2",11.3,85.4,8500,-,Black,Flat,Standard,Rectangular,No,Urban,0.5,SE,90,Attached,Heterogeneous,Flat,Subjugation,Vertical,No
290,MFH Brünnenstrasse,Switzerland,2019,Retrofit,Residential,Facade Cladding,CIGS,-,Opaque,"11.9kWp, 3100kWh/a, 88.2m2",11.9,88.2,3100,-,Multi,Satin,Standard,Rectangular,No,Urban,>0.5,NW,90,Attached,Heterogeneous,Rhythmic,Dominant,Vertical,No
291,The Edge,Netherlands,2015,New,Office,"Facade,Ventilated Facade",CIGS,-,Opaque,100kWp,100,-,-,-,Black,Flat,Custom,Rectangular,No,Urban,<0.5,S,90,Rainscreen,Heterogeneous,Sculptural,Integration,Vertical,No
292,Galaxy Tower,Netherlands,2023,New,Multifunctional,Facade Glazing,Monocrystalline,Mono,Opaque,"153.8kWp, 78300kWh/a",153.8,-,78300,-,Black,Flat,Custom,Rectangular,No,Urban,<0.5,E;S;W,90,Rainscreen,Heterogeneous,Rhythmic,Integration,Vertical,No
293,Haut,Netherlands,2022,New,Residential,Facade Glazing,Monocrystalline,Mono,Opaque,"73.1kWp, 50000kWh/a",73.1,-,50000,-,Black,Flat,Custom,Rectangular,No,Urban,<0.5,S,90,Rainscreen,Heterogeneous,Rhythmic,Integration,Vertical,No
294,0 Aeres Hogeschool,Netherlands,2021,New,Educational,Solar Control,Monocrystalline,Mono,Translucent,"68.3kWp, 42500kWh/a (only Facade)",68.3,-,42500,-,-,-,-,-,-,-,-,-,-,-,-,-,-,-,-
295,Stadsarchief Depot Noord,Netherlands,2019,New,Office,Facade Cladding,-,-,Opaque,-,-,-,-,-,Black,Satin,Standard,Rectangular,No,Industrial,<0.5,SE;SW,90,Attached,Heterogeneous,Banner,Integration,Vertical,Yes
296,Wohnpark Mariendorf,Germany,2018,Retrofit,Residential,Facade Cladding,-,-,Opaque,"13.9kWp, 7900kWh/a, 105m2",13.9,105,7900,-,Black,Flat,Standard,Rectangular,No,Urban,<0.5,SW,90,Attached,Heterogeneous,Depth,Subjugation,Vertical,No
297,Volg Konsumwaren AG,Switzerland,2018,Retrofit,Office,"Facade,Ventilated Facade",-,-,Opaque,"10.3kWp, 7500kWh/a, 71m2",10.3,71,7500,-,Blue,Satin,Standard,Rectangular,No,Rural,1,SW,90,Rainscreen,Heterogeneous,Rhythmic,Integration,Vertical,No
298,MFH Melchiorstrasse,Switzerland,2018,Retrofit,Residential,Facade Cladding,-,-,Opaque,"37kWp, 18600kWh/a, 268m2",37,268,18600,-,Bronze,Satin,Standard,Rectangular,No,Agglomeration,>0.5,S;W,90,Rainscreen,Heterogeneous,Grid,Integration,Vertical,No
299,Senn Areal,Switzerland,2016,New,Multifunctional,"Facade,Ventilated Facade",-,-,Opaque,"17.5kWp, 11600kWh/a, 136m2",17.5,136,11600,-,Black,Satin,Standard,Rectangular,No,Urban,>0.5,SO,90,Rainscreen,Heterogeneous,Depth,Integration,Vertical,No
300,Kletterhalle,Germany,2016,New,Sport,"Facade,Ventilated Facade",-,-,Opaque,"21.6kWp, 16600kWh/a, 169m2",21.6,169,16600,-,Black,Satin,Standard,Rectangular,No,Rural,0.5,S,90,Rainscreen,Heterogeneous,Flat,Integration,Vertical,No
301,Grattacielo Intesa Sanpaolo,Italy,2014,New,Office,Facade Cladding,Polycrystalline ,Poly,Opaque,180kWp,180,-,-,-,Blue,Flat,Standard,Rectangular,Yes,Urban,<0.5,SW,90,Rainscreen,Heterogeneous,HighTech,Integration,Vertical,No
302,Weisses Schlössli,Switzerland,2023,Retrofit,Residential,Facade Security,-,-,Opaque,23kWp,23,-,-,-,Print,Glossy,Custom,Rectangular,No,Agglomeration,0.5,SE,90,Facade Security,Heterogeneous,Depth,Integration,Vertical,Yes
303,Fondation Pierre Arnaud,Switzerland,2014,New,Public,Warm Facade,-,-,Translucent,20kWp,20,-,-,-,Black,Glossy,Custom,Rectangular,Yes,Rural,1,E,90,Warm Facade,Homogeneous,Grid,Integration,Vertical,No
304,0 Dress & Sommer,Germany,2021,New,Office,"Facade,Ventilated Facade",-,-,Opaque,70000kWh/a,-,-,70000,-,-,-,-,-,-,-,-,-,-,-,-,-,-,-,-
305,Solar.One Kompetenzzentrum,Austria,2021,New,Office,Facade Glazing,-,-,Opaque,16kWp,16,-,-,-,Black,Flat,Custom,Rectangular,Yes,Rural,0.5,S;E,90,Warm Facade,Heterogeneous,Sculptural,Integration,Vertical,No
306,Matchbox,Germany,2023,New,Office,"Facade,Ventilated Facade",Monocrystalline,Mono,Opaque,"315kWp, 180000kWh/a, 1500m2",315,1500,180000,-,Black,Flat,Custom,Rectangular,No,Urban,1,All,90,Rainscreen,Heterogeneous,Grid,Integration,Mixed,No
307,Meteorologisches Institut,Germany,-,New,Institutional,"Facade,Ventilated Facade",Monocrystalline,Mono,Opaque,"67kWp, 730m2",67,730,-,-,Blue,Glossy,Custom,Rectangular,No,Urban,1,S;W,90,Rainscreen,Heterogeneous,Grid,Integration,Vertical,No
308,Platinum,Germany,2023,New,Office,"Facade,Ventilated Facade",Monocrystalline,Mono,Opaque,"93.6kWp, 821m2",93.6,821,-,-,Brown,Flat,Custom,Rectangular,No,Urban,>0.5,W,90,Rainscreen,Heterogeneous,Banner,Integration,Mixed,No
309,Im Wohnpark Nette 6,Germany,2022,New,Residential,"Facade,Ventilated Facade",Monocrystalline,Mono,Opaque,"49kWp, 280m2",49,280,-,-,Black,Glossy,Custom,Rectangular,No,Agglomeration,<0.5,SE;SW,90,Rainscreen,Heterogeneous,Rhythmic,Integration,Vertical,No
310,Technische Fakultät Uni Freiburg FRIZ,Germany,2022,New,Institutional,"Facade,Ventilated Facade",Monocrystalline,Mono,Opaque,"22.3kWp, 147m2",22.3,147,-,-,Blue,Flat,Custom,Rectangular,No,Agglomeration,<0.5,SE;SW,90,Rainscreen,Heterogeneous,Banner,Integration,Vertical,No
311,Universität Bielefeld R2,Germany,2022,New,Institutional,"Facade,Ventilated Facade",Monocrystalline,Mono,Opaque,"55.2kWp, 336m2",55.2,336,-,-,Black,Glossy,Standard,Rectangular,No,Urban,1,SW,90,Rainscreen,Homogeneous,Depth,Integration,Vertical,No
312,Radiologische Zentrum ,Germany,2021,Retrofit,Institutional,"Facade,Ventilated Facade",Monocrystalline,Mono,Opaque,"55kWp, 317m2",55,317,-,-,Black,Glossy,Custom,Curved,Yes,Urban,1,SE;SW,90,Rainscreen,Homogeneous,Flat,Integration,Horizontal,No
313,Fassadensanierung Opfikon,Switzerland,2019,Retrofit,Residential,"Facade,Ventilated Facade",Monocrystalline,-,Opaque,Glass Profile,-,-,-,-,Green,Structured,Custom,Rectangular,No,Agglomeration,1,All,90,Rainscreen,Heterogeneous,Rhythmic,Integration,Mixed,No
314,Bauen 2050 Urdorf,Switzerland,2022,New,Residential,"Facade,Ventilated Facade, Facade Security",Monocrystalline,-,Opaque,-,-,-,-,-,Multi,Flat,Custom,Rectangular,No,Agglomeration,>0.5,All,90,Rainscreen;Facade Security,Heterogeneous,Rhythmic,Integration,Mixed,No
315,Renovation Miltenberg,Germany,-,Retrofit,Office,"Facade,Ventilated Facade",Monocrystalline,Mono,Opaque,"41kWp, 25000kWh/a, 370m2",41,370,25000,-,Black,Glossy,Standard,Rectangular,No,-,>0.5,-,90,Rainscreen,Heterogeneous,Grid,Integration,Vertical,No
316,StadtparkPlus,Switzerland,2021,New,Residential,"Facade,Ventilated Facade",Monocrystalline,Mono,Opaque,"36,6kWp, 229m2 (roof and facade), 32800kWh/a",36.6,229,32800,-,Black,Flat,Large,Rectangular,Yes,Urban,1,-,90,Rainscreen,Heterogeneous,Grid,Integration,Mixed,No
317,Delfosse AG,Switzerland,-,New,Industrial,"Facade,Ventilated Facade",Monocrystalline,Mono,Opaque,"445kWp, 2208m2 (roof and Facade)",-,-,-,-,Multi,Satin,Standard,Rectangular,Yes,Rural,1,E;S;W,90,Rainscreen,Heterogeneous,Rhythmic,Integration,Horizontal,No
318,MFH Zürich,Switzerland,-,New,Residential,"Facade,Ventilated Facade",-,-,Opaque,"52kWp, 395m2",52,395,-,-,Grey,Flat,Custom,Rectangular,Yes,Urban,1,All,90,Rainscreen,Homogeneous,Grid,Integration,Mixed,No
319,Lehner Versand,Switzerland,-,Retrofit,Industrial,"Facade,Ventilated Facade",-,-,Opaque,"109.3kWp, 866m2",109.3,866,-,-,Blue,Satin,Small,Square,No,Agglomeration,<0.5,All,85,Rainscreen,Heterogeneous,Grid,Dominant,Centric,No
320,Bundesallee 215,Germany,2021,New,Multifunctional,"Facade,Ventilated Facade",Monocrystalline,Mono,Opaque,"3.8kWp, 25m2",3.8,25,-,-,Blue,Flat,Standard,Rectangular,Yes,Urban,<0.5,E;W,90,Rainscreen,Heterogeneous,Depth,Integration,Vertical,No
321,OTH Regensburg,Germany,2023,Retrofit,Institutional,Rainscreen,Monocrystalline,Mono,Opaque,"50kWp, 330m2",50,330,-,-,Black,Flat,Standard,Rectangular,Yes,Urban,0.5,S;W,90,Solar Control,Heterogeneous,HighTech,Dominant,Horizontal,No
322,PlanQuartier,Austria,2022,New,Office,Warm Facade,Monocrystalline,Mono,Translucent,"45kWp, 397m2",45,397,-,-,Black,Flat,Standard,Rectangular,Yes,Industrial,>0.5,E;S,90,Warm Facade,Heterogeneous,Flat,Integration,Vertical,No
323,0 Fahrradparkhaus,Germany,2021,New,Public,Facade Glazing,Monocrystalline,Mono,Translucent,"25kWp, 221m2, 14000kWh/a",25,221,14000,-,-,-,-,-,-,-,-,-,-,-,-,-,-,-,-
324,Erlanger Stadtwerke,Germany,2024,Retrofit,Industrial,Facade Cladding,Organic photovoltaic,-,Opaque,"3.6kWp, 86m2",3.6,86,-,-,Purple,Flat,Standard,Rectangular,No,Industrial,<0.5,SW,90,Attached,Heterogeneous,Grid,Subjugation,Horizontal,No
325,Siemens Energy Transformatorenwerk,Germany,2023,Retrofit,Industrial,Facade Cladding,Organic photovoltaic,-,Opaque,"8.6kWp, 137m2",8.6,137,-,-,Purple,Flat,Standard,Rectangular,No,Industrial,<0.5,S,90,Attached,Heterogeneous,-,Subjugation,Horizontal,No
326,SAIT,South Korea,2023,Retrofit,Industrial,Facade Cladding,Organic photovoltaic,-,Opaque,"37.7kWp, 621m2",37.7,621,-,-,Purple,Flat,Standard,Rectangular,No,Industrial,>0.5,SE;SW,90,Attached,Heterogeneous,Grid,Subjugation,Horizontal,No
327,Engie Laborelec,Belgium,2017,Retrofit,Institutional,Facade Cladding,Organic photovoltaic,-,Opaque,"2.3kWp, 53m2",2.3,53,-,-,Purple,Flat,Standard,Rectangular,No,Agglomeration,>0.5,S,90,Attached,Heterogeneous,Grid,Subjugation,Horizontal,No
328,Plus Ultra,Netherlands,2024,New,Office,"Facade,Ventilated Facade",Monocrystalline,Mono,Opaque,"202kWp, 1161m2",202,1161,-,-,Black,Flat,Custom,Rectangular,No,Urban,>0.5,SE;SW,90,Rainscreen,Heterogeneous,VertZigZag,Dominant,Vertical,No
329,Somerparc aan de Amstel,Netherlands,2023,New,Residential,"Facade,Ventilated Facade",Monocrystalline,Mono,Opaque,"100kWp, 563m2",100,563,-,-,Black,Satin,Custom,Rectangular,No,Urban,>0.5,S,90,Rainscreen,Heterogeneous,Depth,Subordination,Vertical,No
330,MFH Thalwil,Switzerland,2023,New,Residential,"Facade,Ventilated Facade",Monocrystalline,Mono,Opaque,"53kWp, 280m2",53,280,-,-,Black,Satin,Custom,Rectangular,No,Urban,>0.5,E,90,Rainscreen,Heterogeneous,Depth,Integration,Mixed,No
331,Erlebnissennerei Zillertal,Austria,2023,New,Industrial,Facade Cladding,Monocrystalline,Mono,Opaque,"126kWp, 591m2",126,591,-,-,Black,Flat,Standard,Rectangular,No,Rural,>0.5,S;W,90,Attached,Heterogeneous,-,Subjugation,Horizontal,No
332,Jumbo Sissach,Switzerland,2023,New,Office,"Facade,Ventilated Facade",Monocrystalline,Mono,Opaque,"93kWp, 497m2",93,497,-,-,Black,Flat,Standard,Rectangular,No,-,>0.5,-,90,Rainscreen,Heterogeneous,Grid,Integration,Vertical,No
333,Haus B4,Switzerland,2022,New,Residential,"Facade,Ventilated Facade",Monocrystalline,Mono,Opaque,"253kWp, 1272m2",253,1272,-,-,Black,Flat,Standard,Rectangular,Yes,Agglomeration,0.5,All,90,Rainscreen,Heterogeneous,Banner,Integration,Horizontal,No
334,MFH Meilen,Switzerland,2022,Retrofit,Residential,"Facade,Ventilated Facade",Monocrystalline,Mono,Opaque,"41kWp, 308m2",41,308,-,-,Green,Flat,Custom,Rectangular,No,Urban,1,-,90,Rainscreen,Heterogeneous,Depth,Integration,Mixed,No
335,Hotel Rosveld,Netherlands,2022,New,Public,"Facade,Ventilated Facade",Monocrystalline,Mono,Opaque,"66kWp, 371m2",66,371,-,-,Black,Glossy,Custom,Rectangular,No,Agglomeration,>0.5,SE,90,Rainscreen,Heterogeneous,Grid,Dominant,Vertical,No
336,Spital Schwyz,Switzerland,2022,New,Hospital,"Facade,Ventilated Facade",Monocrystalline,Mono,Opaque,"96kWp, 718m2",96,718,-,-,Red,Flat,Small,Square,No,Agglomeration,>0.5,All,90,Rainscreen,Heterogeneous,Banner,Integration,Centric,No
337,MFH Thalwil 2,Switzerland,2021,New,Residential,"Facade,Ventilated Facade",Monocrystalline,Mono,Opaque,"22kWp, 144m2",22,144,-,-,Green,Structured,Custom,Rectangular,No,Urban,>0.5,All,90,Rainscreen,Heterogeneous,Rhythmic,Integration,Horizontal,No
338,Albiro Filiale,Switzerland,2023,New,Industrial,"Facade,Ventilated Facade",Monocrystalline,Mono,Opaque,30kWp,30,-,-,-,Black,Flat,Standard,Rectangular,No,Agglomeration,<0.5,SE;SW,90,Rainscreen,Heterogeneous,Banner,Integration,Horizontal,No
339,EFH Hinwil,Switzerland,2023,Retrofit,Residential,"Facade,Ventilated Facade",Monocrystalline,Mono,Opaque,9.4kWp,9.4,-,-,-,Black,Flat,Custom,Mixed,No,Agglomeration,>0.5,-,90,Rainscreen,Heterogeneous,-,Integration,Horizontal,No
340,MFH Zürich Altstetten,Switzerland,-,Retrofit,Residential,"Facade,Ventilated Facade",Monocrystalline,Mono,Opaque,20kWp,20,-,-,-,Black,Flat,Standard,Rectangular,Yes,Urban,<0.5,All,90,Rainscreen,Heterogeneous,Banner,Integration,Horizontal,No
341,Swiss Krono,Switzerland,2016,New,Office,"Facade,Ventilated Facade",Monocrystalline,Mono,Opaque,103kWp,103,-,-,-,Black,Flat,Custom,Rectangular,Yes,Industrial,1,All,90,Rainscreen,Heterogeneous,Grid,Integration,Mixed,No
342,Pfadihaus Einsiedeln,Switzerland,-,Retrofit,Public,"Facade,Ventilated Facade",Monocrystalline,Mono,Opaque,5.9kWp,5.9,-,-,-,Black,Flat,Custom,Mixed,Yes,Agglomeration,>0.5,S,90,Rainscreen,Heterogeneous,-,Dominant,Horizontal,No
343,Regionbank Solothurn,Switzerland,2021,Retrofit,Office,"Facade,Ventilated Facade",Monocrystalline,Mono,Opaque,253m2,-,253,-,-,Bronze,Flat,Standard,Rectangular,No,Historic,1,SE,90,Rainscreen,Heterogeneous,Banner,Integration,Horizontal,No
344,Vantage Data Centers,Switzerland,2021,New,Industrial,Facade Cladding,Monocrystalline,Mono,Opaque,"66kWp, 337m2",66,337,-,-,Black,Flat,Standard,Rectangular,Yes,Industrial,>0.5,S,90,Attached,Heterogeneous,Rhythmic,Dominant,Vertical,No
345,Überbauung Soley ,Switzerland,2020,New,Residential,"Facade,Ventilated Facade",Monocrystalline,Mono,Opaque,2000m2,-,2000,-,-,Bronze,Flat,Custom,Rectangular,No,Agglomeration,1,All,90,Rainscreen,Heterogeneous,-,Integration,Horizontal,No
346,Wohnsiedlung Allschwil,Switzerland,2020,New,Residential,"Facade,Ventilated Facade",Monocrystalline,Mono,Opaque,"203000kWh/a, 2500m2",-,2500,203000,-,Black,Flat,Custom,Rectangular,No,Urban,1,All,90,Rainscreen,Heterogeneous,Rhythmic,Integration,Vertical,No
347,EBZ Elektro-Bildungs-Zentrum ,Switzerland,2021,New,Educational,"Facade,Ventilated Facade",Monocrystalline,Mono,Opaque,-,-,-,-,-,Black,Flat,Custom,Rectangular,No,Industrial,<0.5,All,90,Rainscreen,Heterogeneous,Banner,Integration,Vertical,No
348,Kantonsspital Baden,Switzerland,2020,Retrofit,Hospital,"Facade,Ventilated Facade",Monocrystalline,Mono,Opaque,"26kWp, 133m2",26,133,-,-,Black,Flat,Standard,Rectangular,Yes,Industrial,<0.5,S,90,Rainscreen,Heterogeneous,Flat,Subordination,Horizontal,No
349,MFH Orpund ,Switzerland,2019,Retrofit,Residential,"Facade,Ventilated Facade",Monocrystalline,Mono,Opaque,"6kWp, 35m2",6,35,-,-,Blue,Flat,Standard,Rectangular,No,Agglomeration,0.5,SE,90,Rainscreen,Heterogeneous,-,Integration,Horizontal,No
350,EFH Jakobsbad,Switzerland,2019,Retrofit,Residential,"Facade,Ventilated Facade",Monocrystalline,Mono,Opaque,-,-,-,-,-,Green,Flat,Standard,Rectangular,No,Rural,<0.5,S,90,Rainscreen,Heterogeneous,-,Integration,Horizontal,No
351,Basler & Hofmann AG Luzern,Switzerland,2019,Retrofit,Office,"Facade,Ventilated Facade",Monocrystalline,Mono,Opaque,-,-,-,-,-,Black,Flat,Small,Rectangular,No,Industrial,0.5,All,90,Rainscreen,Heterogeneous,Rhythmic,Integration,Vertical,No
352,Office L10,Switzerland,2019,Retrofit,Office,"Facade,Ventilated Facade",Monocrystalline,Mono,Opaque,-,-,-,-,-,Black,Flat,Small,Square,No,Urban,0.5,SE,90,Rainscreen,Heterogeneous,Grid,Integration,Centric,No
353,MFH Ostermundigen,Switzerland,2018,New,Residential,"Facade,Ventilated Facade",Monocrystalline,Mono,Opaque,-,-,-,-,-,Grey,Flat,Custom,Rectangular,No,Agglomeration,1,-,90,Rainscreen,Heterogeneous,-,Integration,Vertical,No
354,KraftWerk,Switzerland,2018,New,Office,"Facade,Ventilated Facade",Monocrystalline,Mono,Opaque,138kWp,138,-,-,-,Black,Flat,Standard,Rectangular,Yes,Rural,0.5,All,90,Rainscreen,Heterogeneous,Rhythmic,Integration,Vertical,No
355,Green Datacenter Zürich-West,Switzerland,2014,New,Industrial,"Facade,Ventilated Facade",Monocrystalline,Mono,Opaque,140kWp,140,-,-,-,Black,Flat,Standard,Rectangular,Yes,Industrial,>0.5,S,90,Rainscreen,Homogeneous,Grid,Dominant,Vertical,No
356,Eco-Solar,Switzerland,2017,New,Residential,"Facade,Ventilated Facade",Monocrystalline,Mono,Translucent,42kWp,42,-,-,-,Black,Flat,Standard,Rectangular,Yes,Agglomeration,1,All,90,Rainscreen,Heterogeneous,Grid,Dominant,Vertical,No
357,0 SBB Cargo,Switzerland,2016,New,Industrial,Rainscreen,Monocrystalline,Mono,Translucent,80kWp,80,-,-,-,-,-,-,-,-,-,-,-,-,-,-,-,-,-,-
358,Max Office Building,Netherlands,2022,New,Office,"Facade,Ventilated Facade",-,-,Opaque,"150kWp, 110000kWh/a, 1400m2",150,1400,110000,-,Black,Flat,Standard,Rectangular,No,Urban,1,All,90,Rainscreen,Heterogeneous,Banner,Integration,Vertical,No
359,Moore Office Building,Netherlands,2022,New,Office,"Facade,Ventilated Facade",Monocrystalline,Mono,Opaque,-,-,-,-,-,White,Flat,Custom,Mixed,No,Urban,1,All,Var.,Rainscreen,Heterogeneous,Depth,Dominant,Mixed,No
360,0 MFH Buochs,Switzerland,2021,New,Residential,"Facade,Ventilated Facade",Monocrystalline,Mono,Opaque,"14kWp, 44m2 ",14,44,-,-,-,-,-,-,-,-,-,-,-,-,-,-,-,-,-
361,Sofienberg School,Norway,2021,New,Educational,Facade Cladding,Monocrystalline,Mono,Opaque,150m2,-,150,-,-,Red,Flat,Custom,Rectangular,No,Urban,>0.5,SW,90,Attached,Heterogeneous,Grid,Integration,Vertical,No
362,Orkla City,Norway,2019,New,Office,Facade Security,Monocrystalline,Mono,Translucent,35m2,-,35,-,-,Black,Flat,Custom,Rectangular,Yes,Urban,<0.5,S;W,90,Facade Security,Heterogeneous,Banner,Integration,Horizontal,No
363,Seewasserwerk Frasnacht,Switzerland,2020,Retrofit,Industrial,"Facade,Ventilated Facade",Monocrystalline,Mono,Opaque,"17.8kWp, 130m2, 8500kWh",17.8,130,8500,-,Print,Flat,Large,Rectangular,No,Rural,<0.5,SW,90,Rainscreen,Heterogeneous,Flat,Imitation,Vertical,Yes
364,ParkTown,Lithuania,2017,New,Office,Facade Cladding,Monocrystalline,Mono,Opaque,7700m2,-,7700,-,-,Black,Flat,Small,Rectangular,No,Urban,<0.5,S;W,90,Warm Facade,Heterogeneous,Rhythmic,Integration,Vertical,No
365,EileenHouse,United Kingdom,2017,New,Multifunctional,Warm Facade,Monocrystalline,Mono,-,"56kWp, 325m2",56,325,-,-,Black,Flat,-,Rectangular,-,Urban,<0.5,W,90,-,Heterogeneous,Grid,Integration,Horizontal,No
366,Windhondflat,Netherlands,2024,Retrofit,Residential,ZigZag,-,-,Opaque,"17.8kWp, 19000kWh/a",17.8,-,19000,-,Black,Flat,Small,Rectangular,Yes,Agglomeration,>0.5,-,30,Rainscreen,Heterogeneous,ZigZag,Dominant,Horizontal,Yes
367,0 Verstegen Spices & Sauces,Netherlands,2024,Retrofit,Office,ZigZag,-,-,Opaque,"135,3kWp, 100000kWh/a",135.3,-,100000,-,Black,Flat,Small,Rectangular,Yes,Industrial,>0.5,SE;SW,30,Rainscreen,Heterogeneous,ZigZag,Dominant,Horizontal,No
368,0 Gymzaal Rodaristraat,Netherlands,2024,Retrofit,Sport,ZigZag,-,-,Opaque,"3.6kWp, 3000kWh/a",3.6,-,3000,-,Black,Flat,Small,Rectangular,Yes,Urban,<0.5,S,30,Rainscreen,Heterogeneous,ZigZag,Dominant,Horizontal,Yes
369,Nijestee Apartments,Netherlands,2023,Retrofit,Residential,Facade Cladding,Monocrystalline,Mono,Opaque,"164m2, 18000kWh/a",-,164,180000,-,Black,Flat,Standard,Rectangular,No,-,>0.5,-,90,Attached,Heterogeneous,-,Dominant,Horizontal,No
370,MITARBEITERHAUS „ZAMANG“,Austria,2023,New,Residential,"Facade,Ventilated Facade",Monocrystalline,Mono,Opaque,"79m2, 10000kWh/a",-,79,10000,-,Black,Flat,Standard,Rectangular,No,Agglomeration,>0.5,SW,90,Rainscreen,Heterogeneous,Flat,Integration,Vertical,No
371,Grünenfelder,Switzerland,2022,New,Office,"Facade,Ventilated Facade",Monocrystalline,Mono,Opaque,"89m2, 14000kWh/a",-,89,14000,-,Black,Flat,Standard,Rectangular,No,Agglomeration,<0.5,SW,90,Rainscreen,Heterogeneous,Sculptural,Subordination,Horizontal,No
372,Neoom - Free City,Austria,2023,New,Office,Rainscreen,Monocrystalline,Mono,Opaque,"176kWp, 1165m2, 106500kWh/a",176,1165,106500,-,Black,Glossy,Standard,Rectangular,No,Industrial,>0.5,All,90,Rainscreen;Double Skin,Heterogeneous,Grid,Dominant,Horizontal,No
373,CKW Datacenter,Switzerland,2022,New,Industrial,"Facade,Ventilated Facade",Monocrystalline,Mono,Opaque,"198kWp, 1162m2, 111000kWh/a",198,1162,111000,-,Black,Flat,Standard,Rectangular,No,Industrial,1,All,90,Rainscreen,Homogeneous,Flat,Integration,Horizontal,No
374,MBR Solar,Switzerland,2022,Retrofit,Office,"Facade,Ventilated Facade",Monocrystalline,Mono,Opaque,"47kWp, 330m2, 32000kWh/a",47,330,32000,-,Multi,Flat,Custom,Rectangular,No,Urban,<0.5,W;S,90,Rainscreen,Heterogeneous,Flat,Integration,Mixed,No
375,Centraal Boekhuis,Netherlands,2022,New,Industrial,"Facade,Ventilated Facade",Monocrystalline,Mono,Opaque,"135kWp, 834m2, 94000kWh/a",135,834,94000,-,Multi,Flat,Standard,Rectangular,No,Industrial,<0.5,SE;SW,90,Rainscreen,Heterogeneous,Banner,Integration,Vertical,No
376,MFH Zollikerberg Three in One,Switzerland,2018,New,Residential,"Facade,Ventilated Facade",Monocrystalline,Mono,Opaque,"6.7kWp, 70m2, 13700kWh/a (with Roof)",6.7,70,-,-,Black,Flat,Custom,Rectangular,No,Agglomeration,0.5,S,90,Rainscreen,Heterogeneous,Depth,Integration,Horizontal,No
377,Haus der Schönheit,Switzerland,2012,Retrofit,Office,Warm Facade,Monocrystalline,Mono,Opaque,"16.8kWp, 135m2",16.8,135,-,-,Black,Flat,Small,Rectangular,Yes,Urban,0.5,All,90,Warm Facade,Heterogeneous,Rhythmic,Integration,Horizontal,No
378,Steinauer Solarhalle,Switzerland,2013,New,Industrial,Warm Facade,Monocrystalline,Mono,Translucent,"18.5kWp, 130m2",18.5,130,-,-,Black,Flat,Standard,Rectangular,Yes,Industrial,>0.5,All,Var.,Warm Facade,Heterogeneous,Grid,Integration,Horizontal,No
379,ETH Zürich,Switzerland,2023,Retrofit,Institutional,"Facade,Ventilated Facade",Monocrystalline,Mono,Opaque,"22kWp, 370m2",22,370,-,-,Black,Flat,Custom,Rectangular,Yes,Agglomeration,<0.5,S,90,Warm Facade,Heterogeneous,Rhythmic,Subordination,Vertical,No
380,WC Bielerhöhe,Austria,-,New,Public,"Facade,Ventilated Facade",Monocrystalline,Mono,Opaque,"3kWp, 32m2",3,32,-,-,Black,Glossy,Custom,Rectangular,Yes,Rural,1,All,90,Rainscreen,Homogeneous,Flat,Dominant,Horizontal,No
381,MFH Schaan,Liechtenstein,-,New,Residential,"Facade,Ventilated Facade, Facade Security",Monocrystalline,Mono,Opaque,"12.3kWp, 109m2",12.3,109,-,-,Black,Flat,Custom,Rectangular,Yes,Agglomeration,<0.5,-,90,Facade Security,Heterogeneous,Banner,Integration,Horizontal,No
382,BEIT HAVERED,Israel,2024,Retrofit,Office,"Facade,Ventilated Facade",Monocrystalline,Mono,Opaque,-,74.4,600,-,124,White,Flat,Custom,Rectangular,No,Urban,1,S,90,Rainscreen,Heterogeneous,Banner,Integration,Mixed,No
383,GIOIA 22,Italy,2021,New,Office,"Facade,Ventilated Facade",Monocrystalline,Mono,Opaque,-,800,6000,-,158,Black,Flat,Custom,Rectangular,No,Urban,0.5,E;S;W,90,Warm Facade,Homogeneous,Banner,Integration,Mixed,No
384,Science Pyramid,United States,2014,New,Public,"Facade,Ventilated Facade",Monocrystalline,Mono,Opaque,-,-,-,-,100,Black,Flat,Small,Polygonal,Yes,Agglomeration,0.5,All,45,Rainscreen,Homogeneous,Skin,Integration,Centric,No
385,Sterling Bank,Nigeria,2023,Retrofit,Office,"Facade,Ventilated Facade",Monocrystalline,Mono,Opaque,-,955,6500,420000,159,Black,Flat,Custom,Rectangular,Yes,Urban,>0.5,SW,90,Rainscreen,Homogeneous,Flat,Integration,Horizontal,No
386,Edificio D4,Spain,2023,New,Educational,Solar Control,Monocrystalline,Mono,Translucent,-,110,1000,-,108,Black,Flat,Custom,Rectangular,Yes,Urban,>0.5,SE,90,Solar Control,Heterogeneous,HighTech,Dominant,Vertical,No
387,VI CASTLE LANE,United Kingdom,2017,New,Residential,"Facade,Ventilated Facade",Monocrystalline,Mono,Opaque,-,-,-,-,130,Black,Glossy,Standard,Rectangular,Yes,Urban,<0.5,-,-,Rainscreen,Heterogeneous,Dynamic,Subordination,Horizontal,No
388,Westmead Car Park,Australia,2024,New,Public,Rainscreen,Monocrystalline,Mono,Opaque,-,-,-,-,123,Brown,Flat,Custom,Rectangular,No,Urban,<0.5,NE,90,Rainscreen,Heterogeneous,Dynamic,Integration,Vertical,Yes
389,Sea Towers,Spain,2021,New,Office,Warm Facade,Amorphous silicon,a-Si,Transparent,-,52,1520,-,34,Black,Flat,Large,Rectangular,No,Urban,<0.5,SE;SW,90,Warm Facade,Heterogeneous,Rhythmic,Integration,Vertical,No
390,Technology Center CIU,Cyprus,2022,New,Educational,Rainscreen,Amorphous silicon,a-Si,Transparent,-,62,1000,-,62,Black,Flat,Custom,Rectangular,No,Agglomeration,1,S,60,Solar Control,Heterogeneous,HighTech,Dominant,Horizontal,No
391,Smart 22@,Spain,2023,New,Office,Rainscreen,Amorphous silicon,a-Si,Transparent,-,45,1000,-,45,Black,Flat,Custom,Rectangular,No,Urban,<0.5,SE,90,Warm Facade,Heterogeneous,Grid,Integration,Horizontal,No
392,Castellana 66,Spain,2022,Retrofit,Office,"Facade,Ventilated Facade",Monocrystalline,Mono,Opaque,-,-,-,-,120,Black,Flat,Custom,Mixed,Yes,Urban,<0.5,SW,90,Rainscreen,Heterogeneous,Grid,Integration,Mixed,No
393,Heilig Geist Church,Switzerland,2021,New,Public,Solar Control,Monocrystalline,Mono,Translucent,-,12.1,130,12000,-,Black,Flat,Custom,Rectangular,Yes,Agglomeration,<0.5,-,-,Solar Control,-,-,-,-,No
394,UniMail University of Neuchatel,Switzerland,2021,Retrofit,Public,"Facade,Ventilated Facade",Monocrystalline,Mono,Opaque,-,150,910,55000,-,Black,Flat,Small,Rectangular,Yes,Urban,1,All,90,Rainscreen,Heterogeneous,Flat,Integration,Horizontal,No
395,Route de Berne 2 ,Switzerland,2021,Retrofit,Residential,"Facade,Ventilated Facade",Polycrystalline ,Poly,Opaque,-,30,263,13000,-,Green,Flat,Large,Rectangular,Yes,Urban,<0.5,All,90,Rainscreen,Heterogeneous,Rhythmic,Dominant,Vertical,No
396,EPFL DataCenter,Switzerland,2021,New,Industrial,"Facade,Ventilated Facade",Monocrystalline,Mono,Opaque,-,200,1330,90000,-,Multi,Flat,Standard,Rectangular,Yes,Urban,1,All,90,Rainscreen,Homogeneous,Grid,Integration,Horizontal,No
397,MFH Lacheren Schlieren,Switzerland,2024,New,Residential,"Facade,Ventilated Facade",Monocrystalline,Mono,Opaque,-,17,105,-,-,Gold,Metallic,Custom,Rectangular,No,Urban,>0.5,-,90,Rainscreen,Heterogeneous,Depth,Integration,Horizontal,No
398,Active Energy Building,Liechtenstein,2017,New,Residential,"Facade,Ventilated Facade",Polycrystalline ,Poly,Opaque,-,32.3,-,37250,-,Bronze,Flat,Custom,Rectangular,Yes,Urban,<0.5,E;S,Var.,Rainscreen;Facade Security,Heterogeneous,HighTech,Integration,Horizontal,No
399,Verkehrsstützpunkt Kantonspolizei,Switzerland,2024,New,Office,Solar Control,Monocrystalline,Mono,Opaque,total 162kWp,116,-,120000,-,Black,Flat,Custom,Rectangular,Yes,Urban,>0.5,All,Var.,Solar Control,Heterogeneous,Rhythmic,Dominant,Horizontal,No
400,Endesa Pavilion,Spain,2011,New,Institutional,Solar Control,Amorphous silicon,a-Si,Opaque,-,-,-,-,-,Blue,Flat,Standard,Rectangular,Yes,Industrial,0.5,SE;SW,Var.,Solar Control,Heterogeneous,Dynamic,Dominant,Horizontal,No